-- phpMyAdmin SQL Dump
-- version 5.2.0
-- https://www.phpmyadmin.net/
--
-- Gép: 127.0.0.1
-- Létrehozás ideje: 2023. Ápr 26. 10:50
-- Kiszolgáló verziója: 10.4.24-MariaDB
-- PHP verzió: 8.1.5

SET SQL_MODE = "NO_AUTO_VALUE_ON_ZERO";
START TRANSACTION;
SET time_zone = "+00:00";


/*!40101 SET @OLD_CHARACTER_SET_CLIENT=@@CHARACTER_SET_CLIENT */;
/*!40101 SET @OLD_CHARACTER_SET_RESULTS=@@CHARACTER_SET_RESULTS */;
/*!40101 SET @OLD_COLLATION_CONNECTION=@@COLLATION_CONNECTION */;
/*!40101 SET NAMES utf8mb4 */;

--
-- Adatbázis: `adatbazisprojekt`
--

-- --------------------------------------------------------

--
-- Tábla szerkezet ehhez a táblához `alkategoriak`
--

CREATE TABLE `alkategoriak` (
  `alkategoria_id` int(11) NOT NULL,
  `alkategoria_nev` varchar(200) COLLATE utf8_hungarian_ci NOT NULL,
  `kategoria_id` int(11) NOT NULL
) ENGINE=InnoDB DEFAULT CHARSET=utf8 COLLATE=utf8_hungarian_ci;

--
-- A tábla adatainak kiíratása `alkategoriak`
--

INSERT INTO `alkategoriak` (`alkategoria_id`, `alkategoria_nev`, `kategoria_id`) VALUES
(1, 'Horgászbot', 1),
(2, 'Orsó', 1),
(3, 'Etetőanyag', 1),
(4, 'Horgász_Kiegészítő', 1),
(5, 'Horgász_Ruházat', 1),
(6, 'Hal_Táp', 2),
(7, 'Rágcsáló_Táp', 2),
(8, 'Díszállat_Kiegészítő', 2),
(9, 'Álom', 2),
(10, 'Levegőztető_Szűrő_Melegítő', 2),
(11, 'Konyhai', 3),
(12, 'Fürdőszoba', 3),
(13, 'Játék', 3),
(14, 'Dísz', 3),
(15, 'Ajándék', 3),
(16, 'Madáretető', 4),
(17, 'Odú', 4),
(18, 'Kulcstartó', 4),
(19, 'Kenyértartó', 4),
(20, 'Kosár', 4);

-- --------------------------------------------------------

--
-- Tábla szerkezet ehhez a táblához `kategoriak`
--

CREATE TABLE `kategoriak` (
  `kategoria_id` int(11) NOT NULL,
  `kategoria_nev` varchar(50) COLLATE utf8_hungarian_ci NOT NULL
) ENGINE=InnoDB DEFAULT CHARSET=utf8 COLLATE=utf8_hungarian_ci;

--
-- A tábla adatainak kiíratása `kategoriak`
--

INSERT INTO `kategoriak` (`kategoria_id`, `kategoria_nev`) VALUES
(1, 'Horgász'),
(2, 'Díszállat'),
(3, 'Háztartás'),
(4, 'Fatermék');

-- --------------------------------------------------------

--
-- Tábla szerkezet ehhez a táblához `megrendeles`
--

CREATE TABLE `megrendeles` (
  `id` int(11) NOT NULL,
  `megrendeles_datuma` datetime NOT NULL DEFAULT current_timestamp(),
  `kezbesites_datum` datetime NOT NULL DEFAULT current_timestamp(),
  `szemelyek_id` int(11) NOT NULL,
  `termek_id` int(11) NOT NULL,
  `rendeles_allapot_id` int(11) NOT NULL,
  `rendelt_darab` int(5) NOT NULL,
  `rendeles_azonosito` varchar(40) COLLATE utf8_hungarian_ci NOT NULL
) ENGINE=InnoDB DEFAULT CHARSET=utf8 COLLATE=utf8_hungarian_ci;

--
-- A tábla adatainak kiíratása `megrendeles`
--

INSERT INTO `megrendeles` (`id`, `megrendeles_datuma`, `kezbesites_datum`, `szemelyek_id`, `termek_id`, `rendeles_allapot_id`, `rendelt_darab`, `rendeles_azonosito`) VALUES
(89, '2023-04-17 11:50:30', '2023-04-17 11:50:30', 5, 84, 1, 3, '449670eee7dca9cd166a'),
(90, '2023-04-17 14:40:19', '2023-04-17 14:40:19', 4, 110, 2, 10, '1ec941c694fe1e3d3017'),
(93, '2023-04-24 12:48:25', '2023-04-24 12:48:25', 2, 97, 3, 1, '1ec941c694fe1e3d301722'),
(94, '2023-04-24 12:48:46', '2023-04-24 12:48:46', 4, 96, 2, 5, '1ec9413c694fe1e3d3017');

-- --------------------------------------------------------

--
-- Tábla szerkezet ehhez a táblához `rendeles_allapot`
--

CREATE TABLE `rendeles_allapot` (
  `allapot_id` int(2) NOT NULL,
  `allapot_nev` varchar(255) COLLATE utf8_hungarian_ci NOT NULL
) ENGINE=InnoDB DEFAULT CHARSET=utf8 COLLATE=utf8_hungarian_ci;

--
-- A tábla adatainak kiíratása `rendeles_allapot`
--

INSERT INTO `rendeles_allapot` (`allapot_id`, `allapot_nev`) VALUES
(1, 'Megrendelve'),
(2, 'Feldolgozás alatt'),
(3, 'Futárszolgálatnál'),
(4, 'Kézbesítve');

-- --------------------------------------------------------

--
-- Tábla szerkezet ehhez a táblához `szemelyek`
--

CREATE TABLE `szemelyek` (
  `id` int(11) NOT NULL,
  `nev` varchar(255) NOT NULL,
  `felh_nev` varchar(255) DEFAULT NULL,
  `email` varchar(255) DEFAULT NULL,
  `jelszo` varchar(255) DEFAULT NULL,
  `jog` varchar(255) NOT NULL DEFAULT 'user',
  `tel` varchar(255) DEFAULT NULL,
  `szallitasi_cim` varchar(150) DEFAULT NULL,
  `irsz` int(11) NOT NULL
) ENGINE=InnoDB DEFAULT CHARSET=utf8;

--
-- A tábla adatainak kiíratása `szemelyek`
--

INSERT INTO `szemelyek` (`id`, `nev`, `felh_nev`, `email`, `jelszo`, `jog`, `tel`, `szallitasi_cim`, `irsz`) VALUES
(1, 'teszt', 'teszt', 'teszt@teszt.hu', '85136c79cbf9fe36bb9d05d0639c70c265c18d37', 'admin', '+36100000', 'Valami utca 2', 502),
(2, '312312312', '1234', '1234@1234', '85136c79cbf9fe36bb9d05d0639c70c265c18d37', 'user', '321312', '312312', 502),
(3, '2312312', '321312312', 'kordics.b@gmail.com', '85136c79cbf9fe36bb9d05d0639c70c265c18d37', 'user', '123321', '23123', 502),
(4, 'Teszt Aladár', 'tesztaladar', 'tesztuser@gmail.com', '85136c79cbf9fe36bb9d05d0639c70c265c18d37', 'user', '0123456789', 'Vasút utca 3.', 272),
(5, 'Kis cica', 'Szabó Máté', 'kiscica@gmail.com', '85136c79cbf9fe36bb9d05d0639c70c265c18d37', 'user', '0123456789', 'Vasút utca 3.', 507),
(6, 'AdminAdmin', 'Adminfelh', 'Admin@gmail.com', 'd033e22ae348aeb5660fc2140aec35850c4da997', 'admin', '3232012', 'Eperfa ut 3', 1),
(7, 'aasasdasd', 'asdasd', 'kiscicaaa@gmail.com', '85136c79cbf9fe36bb9d05d0639c70c265c18d37', 'user', 'asdasd', 'asdasd', 1);

-- --------------------------------------------------------

--
-- Tábla szerkezet ehhez a táblához `telepules`
--

CREATE TABLE `telepules` (
  `id` int(11) NOT NULL,
  `irsz` int(4) NOT NULL,
  `telepules` varchar(255) COLLATE utf8_hungarian_ci NOT NULL,
  `megye` varchar(4) COLLATE utf8_hungarian_ci NOT NULL
) ENGINE=InnoDB DEFAULT CHARSET=utf8 COLLATE=utf8_hungarian_ci;

--
-- A tábla adatainak kiíratása `telepules`
--

INSERT INTO `telepules` (`id`, `irsz`, `telepules`, `megye`) VALUES
(1, 1011, 'Budapest I. kerület', 'BU'),
(2, 1012, 'Budapest I. kerület', 'BU'),
(3, 1013, 'Budapest I. kerület', 'BU'),
(4, 1014, 'Budapest I. kerület', 'BU'),
(5, 1015, 'Budapest I. kerület', 'BU'),
(6, 1016, 'Budapest I. kerület', 'BU'),
(7, 1021, 'Budapest II. kerület', 'BU'),
(8, 1022, 'Budapest II. kerület', 'BU'),
(9, 1023, 'Budapest II. kerület', 'BU'),
(10, 1024, 'Budapest II. kerület', 'BU'),
(11, 1025, 'Budapest II. kerület', 'BU'),
(12, 1026, 'Budapest II. kerület', 'BU'),
(13, 1027, 'Budapest II. kerület', 'BU'),
(14, 1028, 'Budapest II. kerület', 'BU'),
(15, 1029, 'Budapest II. kerület', 'BU'),
(16, 1031, 'Budapest III. kerület', 'BU'),
(17, 1032, 'Budapest III. kerület', 'BU'),
(18, 1033, 'Budapest III. kerület', 'BU'),
(19, 1034, 'Budapest III. kerület', 'BU'),
(20, 1035, 'Budapest III. kerület', 'BU'),
(21, 1036, 'Budapest III. kerület', 'BU'),
(22, 1037, 'Budapest III. kerület', 'BU'),
(23, 1038, 'Budapest III. kerület', 'BU'),
(24, 1039, 'Budapest III. kerület', 'BU'),
(25, 1041, 'Budapest IV. kerület', 'BU'),
(26, 1042, 'Budapest IV. kerület', 'BU'),
(27, 1043, 'Budapest IV. kerület', 'BU'),
(28, 1044, 'Budapest IV. kerület', 'BU'),
(29, 1045, 'Budapest IV. kerület', 'BU'),
(30, 1046, 'Budapest IV. kerület', 'BU'),
(31, 1047, 'Budapest IV. kerület', 'BU'),
(32, 1048, 'Budapest IV. kerület', 'BU'),
(33, 1051, 'Budapest V. kerület', 'BU'),
(34, 1052, 'Budapest V. kerület', 'BU'),
(35, 1053, 'Budapest V. kerület', 'BU'),
(36, 1054, 'Budapest V. kerület', 'BU'),
(37, 1055, 'Budapest V. kerület', 'BU'),
(38, 1056, 'Budapest V. kerület', 'BU'),
(39, 1061, 'Budapest VI. kerület', 'BU'),
(40, 1062, 'Budapest VI. kerület', 'BU'),
(41, 1063, 'Budapest VI. kerület', 'BU'),
(42, 1064, 'Budapest VI. kerület', 'BU'),
(43, 1065, 'Budapest VI. kerület', 'BU'),
(44, 1066, 'Budapest VI. kerület', 'BU'),
(45, 1067, 'Budapest VI. kerület', 'BU'),
(46, 1068, 'Budapest VI. kerület', 'BU'),
(47, 1071, 'Budapest VII. kerület', 'BU'),
(48, 1072, 'Budapest VII. kerület', 'BU'),
(49, 1073, 'Budapest VII. kerület', 'BU'),
(50, 1074, 'Budapest VII. kerület', 'BU'),
(51, 1075, 'Budapest VII. kerület', 'BU'),
(52, 1076, 'Budapest VII. kerület', 'BU'),
(53, 1077, 'Budapest VII. kerület', 'BU'),
(54, 1078, 'Budapest VII. kerület', 'BU'),
(55, 1081, 'Budapest VIII. kerület', 'BU'),
(56, 1082, 'Budapest VIII. kerület', 'BU'),
(57, 1083, 'Budapest VIII. kerület', 'BU'),
(58, 1084, 'Budapest VIII. kerület', 'BU'),
(59, 1085, 'Budapest VIII. kerület', 'BU'),
(60, 1086, 'Budapest VIII. kerület', 'BU'),
(61, 1087, 'Budapest VIII. kerület', 'BU'),
(62, 1088, 'Budapest VIII. kerület', 'BU'),
(63, 1089, 'Budapest VIII. kerület', 'BU'),
(64, 1091, 'Budapest IX. kerület', 'BU'),
(65, 1092, 'Budapest IX. kerület', 'BU'),
(66, 1093, 'Budapest IX. kerület', 'BU'),
(67, 1094, 'Budapest IX. kerület', 'BU'),
(68, 1095, 'Budapest IX. kerület', 'BU'),
(69, 1096, 'Budapest IX. kerület', 'BU'),
(70, 1097, 'Budapest IX. kerület', 'BU'),
(71, 1098, 'Budapest IX. kerület', 'BU'),
(72, 1101, 'Budapest X. kerület', 'BU'),
(73, 1102, 'Budapest X. kerület', 'BU'),
(74, 1103, 'Budapest X. kerület', 'BU'),
(75, 1104, 'Budapest X. kerület', 'BU'),
(76, 1105, 'Budapest X. kerület', 'BU'),
(77, 1106, 'Budapest X. kerület', 'BU'),
(78, 1107, 'Budapest X. kerület', 'BU'),
(79, 1108, 'Budapest X. kerület', 'BU'),
(80, 1111, 'Budapest XI. kerület', 'BU'),
(81, 1112, 'Budapest XI. kerület', 'BU'),
(82, 1113, 'Budapest XI. kerület', 'BU'),
(83, 1114, 'Budapest XI. kerület', 'BU'),
(84, 1115, 'Budapest XI. kerület', 'BU'),
(85, 1116, 'Budapest XI. kerület', 'BU'),
(86, 1117, 'Budapest XI. kerület', 'BU'),
(87, 1118, 'Budapest XI. kerület', 'BU'),
(88, 1119, 'Budapest XI. kerület', 'BU'),
(89, 1121, 'Budapest XII. kerület', 'BU'),
(90, 1122, 'Budapest XII. kerület', 'BU'),
(91, 1123, 'Budapest XII. kerület', 'BU'),
(92, 1124, 'Budapest XII. kerület', 'BU'),
(93, 1125, 'Budapest XII. kerület', 'BU'),
(94, 1126, 'Budapest XII. kerület', 'BU'),
(95, 1131, 'Budapest XIII. kerület', 'BU'),
(96, 1132, 'Budapest XIII. kerület', 'BU'),
(97, 1133, 'Budapest XIII. kerület', 'BU'),
(98, 1134, 'Budapest XIII. kerület', 'BU'),
(99, 1135, 'Budapest XIII. kerület', 'BU'),
(100, 1136, 'Budapest XIII. kerület', 'BU'),
(101, 1137, 'Budapest XIII. kerület', 'BU'),
(102, 1138, 'Budapest XIII. kerület', 'BU'),
(103, 1139, 'Budapest XIII. kerület', 'BU'),
(104, 1141, 'Budapest XIV. kerület', 'BU'),
(105, 1142, 'Budapest XIV. kerület', 'BU'),
(106, 1143, 'Budapest XIV. kerület', 'BU'),
(107, 1144, 'Budapest XIV. kerület', 'BU'),
(108, 1145, 'Budapest XIV. kerület', 'BU'),
(109, 1146, 'Budapest XIV. kerület', 'BU'),
(110, 1147, 'Budapest XIV. kerület', 'BU'),
(111, 1148, 'Budapest XIV. kerület', 'BU'),
(112, 1149, 'Budapest XIV. kerület', 'BU'),
(113, 1151, 'Budapest XV. kerület', 'BU'),
(114, 1152, 'Budapest XV. kerület', 'BU'),
(115, 1153, 'Budapest XV. kerület', 'BU'),
(116, 1154, 'Budapest XV. kerület', 'BU'),
(117, 1155, 'Budapest XV. kerület', 'BU'),
(118, 1156, 'Budapest XV. kerület', 'BU'),
(119, 1157, 'Budapest XV. kerület', 'BU'),
(120, 1158, 'Budapest XV. kerület', 'BU'),
(121, 1161, 'Budapest XVI. kerület', 'BU'),
(122, 1162, 'Budapest XVI. kerület', 'BU'),
(123, 1163, 'Budapest XVI. kerület', 'BU'),
(124, 1164, 'Budapest XVI. kerület', 'BU'),
(125, 1165, 'Budapest XVI. kerület', 'BU'),
(126, 1171, 'Budapest XVII. kerület', 'BU'),
(127, 1172, 'Budapest XVII. kerület', 'BU'),
(128, 1173, 'Budapest XVII. kerület', 'BU'),
(129, 1174, 'Budapest XVII. kerület', 'BU'),
(130, 1181, 'Budapest XVIII. kerület', 'BU'),
(131, 1182, 'Budapest XVIII. kerület', 'BU'),
(132, 1183, 'Budapest XVIII. kerület', 'BU'),
(133, 1184, 'Budapest XVIII. kerület', 'BU'),
(134, 1185, 'Budapest XVIII. kerület', 'BU'),
(135, 1186, 'Budapest XVIII. kerület', 'BU'),
(136, 1188, 'Budapest XVIII. kerület', 'BU'),
(137, 1191, 'Budapest XIX. kerület', 'BU'),
(138, 1192, 'Budapest XIX. kerület', 'BU'),
(139, 1193, 'Budapest XIX. kerület', 'BU'),
(140, 1194, 'Budapest XIX. kerület', 'BU'),
(141, 1195, 'Budapest XIX. kerület', 'BU'),
(142, 1196, 'Budapest XIX. kerület', 'BU'),
(143, 1201, 'Budapest XX. kerület', 'BU'),
(144, 1202, 'Budapest XX. kerület', 'BU'),
(145, 1203, 'Budapest XX. kerület', 'BU'),
(146, 1204, 'Budapest XX. kerület', 'BU'),
(147, 1205, 'Budapest XX. kerület', 'BU'),
(148, 1211, 'Budapest XXI. kerület', 'BU'),
(149, 1212, 'Budapest XXI. kerület', 'BU'),
(150, 1213, 'Budapest XXI. kerület', 'BU'),
(151, 1214, 'Budapest XXI. kerület', 'BU'),
(152, 1215, 'Budapest XXI. kerület', 'BU'),
(153, 1221, 'Budapest XXII. kerület', 'BU'),
(154, 1222, 'Budapest XXII. kerület', 'BU'),
(155, 1223, 'Budapest XXII. kerület', 'BU'),
(156, 1224, 'Budapest XXII. kerület', 'BU'),
(157, 1225, 'Budapest XXII. kerület', 'BU'),
(158, 1237, 'Budapest XXIII. kerület', 'BU'),
(159, 1238, 'Budapest XXIII. kerület', 'BU'),
(160, 1239, 'Budapest XXIII. kerület', 'BU'),
(161, 1529, 'Budapest XII. kerület', 'BU'),
(162, 2000, 'Szentendre', 'PE'),
(163, 2001, 'Szentendre', 'PE'),
(164, 2002, 'Szentendre', 'PE'),
(165, 2003, 'Szentendre', 'PE'),
(166, 2009, 'Pilisszentlászló', 'PE'),
(167, 2011, 'Budakalász', 'PE'),
(168, 2012, 'Budakalász', 'PE'),
(169, 2013, 'Budakalász', 'PE'),
(170, 2014, 'Csobánka', 'PE'),
(171, 2015, 'Szigetmonostor', 'PE'),
(172, 2016, 'Leányfalu', 'PE'),
(173, 2017, 'Pócsmegyer', 'PE'),
(174, 2019, 'Pomáz', 'PE'),
(175, 2021, 'Tahitótfalu', 'PE'),
(176, 2022, 'Tahitótfalu', 'PE'),
(177, 2023, 'Dunabogdány', 'PE'),
(178, 2024, 'Kisoroszi', 'PE'),
(179, 2025, 'Visegrád', 'PE'),
(180, 2026, 'Visegrád', 'PE'),
(181, 2027, 'Dömös', 'KE'),
(182, 2028, 'Pilismarót', 'KE'),
(183, 2030, 'Érd', 'PE'),
(184, 2031, 'Érd', 'PE'),
(185, 2032, 'Érd', 'PE'),
(186, 2033, 'Érd', 'PE'),
(187, 2035, 'Érd', 'PE'),
(188, 2036, 'Érd', 'PE'),
(189, 2038, 'Sóskút', 'PE'),
(190, 2039, 'Pusztazámor', 'PE'),
(191, 2040, 'Budaörs', 'PE'),
(192, 2041, 'Budaörs', 'PE'),
(193, 2042, 'Budaörs', 'PE'),
(194, 2043, 'Budaörs', 'PE'),
(195, 2044, 'Budaörs', 'PE'),
(196, 2045, 'Törökbálint', 'PE'),
(197, 2046, 'Törökbálint', 'PE'),
(198, 2047, 'Törökbálint', 'PE'),
(199, 2049, 'Diósd', 'PE'),
(200, 2050, 'Diósd', 'PE'),
(201, 2051, 'Biatorbágy', 'PE'),
(202, 2052, 'Biatorbágy', 'PE'),
(203, 2053, 'Herceghalom', 'PE'),
(204, 2055, 'Herceghalom', 'PE'),
(205, 2056, 'Herceghalom', 'PE'),
(206, 2060, 'Bicske', 'FE'),
(207, 2061, 'Bicske', 'FE'),
(208, 2063, 'Bicske', 'FE'),
(209, 2064, 'Csabdi', 'FE'),
(210, 2065, 'Mány', 'FE'),
(211, 2066, 'Újbarok', 'FE'),
(212, 2066, 'Szár', 'FE'),
(213, 2067, 'Szárliget', 'FE'),
(214, 2071, 'Páty', 'PE'),
(215, 2072, 'Zsámbék', 'PE'),
(216, 2073, 'Tök', 'PE'),
(217, 2074, 'Perbál', 'PE'),
(218, 2080, 'Pilisjászfalu', 'PE'),
(219, 2081, 'Piliscsaba', 'PE'),
(220, 2082, 'Piliscsaba', 'PE'),
(221, 2083, 'Solymár', 'PE'),
(222, 2084, 'Pilisszentiván', 'PE'),
(223, 2085, 'Pilisvörösvár', 'PE'),
(224, 2086, 'Tinnye', 'PE'),
(225, 2087, 'Tinnye', 'PE'),
(226, 2089, 'Telki', 'PE'),
(227, 2090, 'Remeteszőlős', 'PE'),
(228, 2091, 'Etyek', 'FE'),
(229, 2092, 'Budakeszi', 'PE'),
(230, 2093, 'Budajenő', 'PE'),
(231, 2094, 'Nagykovácsi', 'PE'),
(232, 2095, 'Pilisszántó', 'PE'),
(233, 2096, 'Üröm', 'PE'),
(234, 2097, 'Pilisborosjenő', 'PE'),
(235, 2098, 'Pilisszentkereszt', 'PE'),
(236, 2099, 'Dobogókő', 'PE'),
(237, 2100, 'Gödöllő', 'PE'),
(238, 2101, 'Gödöllő', 'PE'),
(239, 2102, 'Gödöllő', 'PE'),
(240, 2103, 'Gödöllő', 'PE'),
(241, 2105, 'Gödöllő', 'PE'),
(242, 2111, 'Szada', 'PE'),
(243, 2112, 'Veresegyház', 'PE'),
(244, 2113, 'Erdőkertes', 'PE'),
(245, 2114, 'Valkó', 'PE'),
(246, 2115, 'Vácszentlászló', 'PE'),
(247, 2116, 'Zsámbok', 'PE'),
(248, 2117, 'Isaszeg', 'PE'),
(249, 2118, 'Dány', 'PE'),
(250, 2119, 'Pécel', 'PE'),
(251, 2120, 'Dunakeszi', 'PE'),
(252, 2121, 'Dunakeszi', 'PE'),
(253, 2122, 'Dunakeszi', 'PE'),
(254, 2123, 'Dunakeszi', 'PE'),
(255, 2131, 'Göd', 'PE'),
(256, 2132, 'Göd', 'PE'),
(257, 2133, 'Sződliget', 'PE'),
(258, 2134, 'Sződ', 'PE'),
(259, 2135, 'Csörög', 'PE'),
(260, 2141, 'Csömör', 'PE'),
(261, 2142, 'Nagytarcsa', 'PE'),
(262, 2143, 'Kistarcsa', 'PE'),
(263, 2144, 'Kerepes', 'PE'),
(264, 2145, 'Kerepes', 'PE'),
(265, 2146, 'Mogyoród', 'PE'),
(266, 2151, 'Fót', 'PE'),
(267, 2152, 'Fót', 'PE'),
(268, 2153, 'Fót', 'PE'),
(269, 2161, 'Csomád', 'PE'),
(270, 2162, 'Őrbottyán', 'PE'),
(271, 2163, 'Vácrátót', 'PE'),
(272, 2164, 'Váchartyán', 'PE'),
(273, 2165, 'Kisnémedi', 'PE'),
(274, 2166, 'Püspökszilágy', 'PE'),
(275, 2167, 'Vácduka', 'PE'),
(276, 2170, 'Aszód', 'PE'),
(277, 2173, 'Kartal', 'PE'),
(278, 2174, 'Verseg', 'PE'),
(279, 2175, 'Kálló', 'NO'),
(280, 2176, 'Erdőkürt', 'NO'),
(281, 2177, 'Erdőtarcsa', 'NO'),
(282, 2181, 'Iklad', 'PE'),
(283, 2182, 'Domony', 'PE'),
(284, 2183, 'Galgamácsa', 'PE'),
(285, 2184, 'Vácegres', 'PE'),
(286, 2185, 'Váckisújfalu', 'PE'),
(287, 2191, 'Bag', 'PE'),
(288, 2192, 'Hévízgyörk', 'PE'),
(289, 2193, 'Galgahévíz', 'PE'),
(290, 2194, 'Tura', 'PE'),
(291, 2200, 'Monor', 'PE'),
(292, 2201, 'Monor', 'PE'),
(293, 2202, 'Monor', 'PE'),
(294, 2209, 'Péteri', 'PE'),
(295, 2211, 'Vasad', 'PE'),
(296, 2212, 'Csévharaszt', 'PE'),
(297, 2213, 'Csévharaszt', 'PE'),
(298, 2214, 'Pánd', 'PE'),
(299, 2215, 'Káva', 'PE'),
(300, 2216, 'Bénye', 'PE'),
(301, 2217, 'Gomba', 'PE'),
(302, 2220, 'Vecsés', 'PE'),
(303, 2221, 'Vecsés', 'PE'),
(304, 2222, 'Vecsés', 'PE'),
(305, 2225, 'Üllő', 'PE'),
(306, 2230, 'Gyömrő', 'PE'),
(307, 2233, 'Ecser', 'PE'),
(308, 2234, 'Maglód', 'PE'),
(309, 2235, 'Mende', 'PE'),
(310, 2241, 'Sülysáp', 'PE'),
(311, 2242, 'Sülysáp', 'PE'),
(312, 2243, 'Kóka', 'PE'),
(313, 2244, 'Úri', 'PE'),
(314, 2251, 'Tápiószecső', 'PE'),
(315, 2252, 'Tóalmás', 'PE'),
(316, 2253, 'Tápióság', 'PE'),
(317, 2254, 'Szentmártonkáta', 'PE'),
(318, 2255, 'Szentlőrinckáta', 'PE'),
(319, 2300, 'Ráckeve', 'PE'),
(320, 2301, 'Ráckeve', 'PE'),
(321, 2309, 'Lórév', 'PE'),
(322, 2310, 'Szigetszentmiklós', 'PE'),
(323, 2311, 'Szigetszentmiklós', 'PE'),
(324, 2313, 'Szigetszentmiklós', 'PE'),
(325, 2314, 'Halásztelek', 'PE'),
(326, 2315, 'Szigethalom', 'PE'),
(327, 2316, 'Tököl', 'PE'),
(328, 2317, 'Szigetcsép', 'PE'),
(329, 2318, 'Szigetszentmárton', 'PE'),
(330, 2319, 'Szigetújfalu', 'PE'),
(331, 2321, 'Szigetbecse', 'PE'),
(332, 2322, 'Makád', 'PE'),
(333, 2330, 'Dunaharaszti', 'PE'),
(334, 2331, 'Dunaharaszti', 'PE'),
(335, 2332, 'Dunaharaszti', 'PE'),
(336, 2335, 'Taksony', 'PE'),
(337, 2336, 'Dunavarsány', 'PE'),
(338, 2337, 'Délegyháza', 'PE'),
(339, 2338, 'Áporka', 'PE'),
(340, 2339, 'Majosháza', 'PE'),
(341, 2340, 'Kiskunlacháza', 'PE'),
(342, 2341, 'Kiskunlacháza', 'PE'),
(343, 2342, 'Kiskunlacháza', 'PE'),
(344, 2344, 'Dömsöd', 'PE'),
(345, 2345, 'Apaj', 'PE'),
(346, 2347, 'Bugyi', 'PE'),
(347, 2351, 'Alsónémedi', 'PE'),
(348, 2360, 'Gyál', 'PE'),
(349, 2363, 'Felsőpakony', 'PE'),
(350, 2364, 'Ócsa', 'PE'),
(351, 2365, 'Inárcs', 'PE'),
(352, 2366, 'Kakucs', 'PE'),
(353, 2367, 'Újhartyán', 'PE'),
(354, 2370, 'Dabas', 'PE'),
(355, 2371, 'Dabas', 'PE'),
(356, 2372, 'Dabas', 'PE'),
(357, 2373, 'Dabas', 'PE'),
(358, 2374, 'Dabas', 'PE'),
(359, 2375, 'Tatárszentgyörgy', 'PE'),
(360, 2376, 'Hernád', 'PE'),
(361, 2377, 'Örkény', 'PE'),
(362, 2378, 'Pusztavacs', 'PE'),
(363, 2381, 'Táborfalva', 'PE'),
(364, 2400, 'Dunaújváros', 'FE'),
(365, 2401, 'Dunaújváros', 'FE'),
(366, 2402, 'Dunaújváros', 'FE'),
(367, 2403, 'Dunaújváros', 'FE'),
(368, 2404, 'Dunaújváros', 'FE'),
(369, 2405, 'Dunaújváros', 'FE'),
(370, 2406, 'Dunaújváros', 'FE'),
(371, 2407, 'Dunaújváros', 'FE'),
(372, 2408, 'Dunaújváros', 'FE'),
(373, 2421, 'Nagyvenyim', 'FE'),
(374, 2422, 'Mezőfalva', 'FE'),
(375, 2423, 'Daruszentmiklós', 'FE'),
(376, 2424, 'Előszállás', 'FE'),
(377, 2425, 'Nagykarácsony', 'FE'),
(378, 2426, 'Baracs', 'FE'),
(379, 2427, 'Baracs', 'FE'),
(380, 2428, 'Kisapostag', 'FE'),
(381, 2431, 'Perkáta', 'FE'),
(382, 2432, 'Szabadegyháza', 'FE'),
(383, 2433, 'Sárosd', 'FE'),
(384, 2434, 'Hantos', 'FE'),
(385, 2435, 'Nagylók', 'FE'),
(386, 2440, 'Százhalombatta', 'PE'),
(387, 2441, 'Százhalombatta', 'PE'),
(388, 2442, 'Százhalombatta', 'PE'),
(389, 2443, 'Százhalombatta', 'PE'),
(390, 2444, 'Százhalombatta', 'PE'),
(391, 2451, 'Ercsi', 'FE'),
(392, 2453, 'Ercsi', 'FE'),
(393, 2454, 'Iváncsa', 'FE'),
(394, 2455, 'Beloiannisz', 'FE'),
(395, 2456, 'Besnyő', 'FE'),
(396, 2457, 'Adony', 'FE'),
(397, 2458, 'Kulcs', 'FE'),
(398, 2459, 'Rácalmás', 'FE'),
(399, 2461, 'Tárnok', 'PE'),
(400, 2462, 'Martonvásár', 'FE'),
(401, 2463, 'Tordas', 'FE'),
(402, 2464, 'Gyúró', 'FE'),
(403, 2465, 'Ráckeresztúr', 'FE'),
(404, 2471, 'Baracska', 'FE'),
(405, 2472, 'Kajászó', 'FE'),
(406, 2473, 'Vál', 'FE'),
(407, 2475, 'Kápolnásnyék', 'FE'),
(408, 2476, 'Pázmánd', 'FE'),
(409, 2477, 'Vereb', 'FE'),
(410, 2481, 'Velence', 'FE'),
(411, 2482, 'Velence', 'FE'),
(412, 2483, 'Gárdony', 'FE'),
(413, 2484, 'Gárdony', 'FE'),
(414, 2485, 'Gárdony', 'FE'),
(415, 2490, 'Pusztaszabolcs', 'FE'),
(416, 2500, 'Esztergom', 'KE'),
(417, 2501, 'Esztergom', 'KE'),
(418, 2503, 'Esztergom', 'KE'),
(419, 2508, 'Esztergom', 'KE'),
(420, 2509, 'Esztergom', 'KE'),
(421, 2510, 'Dorog', 'KE'),
(422, 2511, 'Dorog', 'KE'),
(423, 2512, 'Dorog', 'KE'),
(424, 2517, 'Kesztölc', 'KE'),
(425, 2518, 'Leányvár', 'KE'),
(426, 2519, 'Piliscsév', 'KE'),
(427, 2521, 'Csolnok', 'KE'),
(428, 2522, 'Dág', 'KE'),
(429, 2523, 'Sárisáp', 'KE'),
(430, 2524, 'Nagysáp', 'KE'),
(431, 2525, 'Bajna', 'KE'),
(432, 2526, 'Epöl', 'KE'),
(433, 2527, 'Máriahalom', 'KE'),
(434, 2528, 'Úny', 'KE'),
(435, 2529, 'Annavölgy', 'KE'),
(436, 2531, 'Tokod', 'KE'),
(437, 2532, 'Tokodaltáró', 'KE'),
(438, 2533, 'Bajót', 'KE'),
(439, 2534, 'Tát', 'KE'),
(440, 2535, 'Mogyorósbánya', 'KE'),
(441, 2536, 'Nyergesújfalu', 'KE'),
(442, 2537, 'Nyergesújfalu', 'KE'),
(443, 2541, 'Lábatlan', 'KE'),
(444, 2542, 'Lábatlan', 'KE'),
(445, 2543, 'Süttő', 'KE'),
(446, 2544, 'Neszmély', 'KE'),
(447, 2545, 'Dunaalmás', 'KE'),
(448, 2600, 'Vác', 'PE'),
(449, 2601, 'Vác', 'PE'),
(450, 2602, 'Vác', 'PE'),
(451, 2603, 'Vác', 'PE'),
(452, 2610, 'Nőtincs', 'NO'),
(453, 2611, 'Felsőpetény', 'NO'),
(454, 2612, 'Kosd', 'PE'),
(455, 2613, 'Rád', 'PE'),
(456, 2614, 'Penc', 'PE'),
(457, 2615, 'Csővár', 'PE'),
(458, 2616, 'Ősagárd', 'NO'),
(459, 2616, 'Keszeg', 'NO'),
(460, 2617, 'Alsópetény', 'NO'),
(461, 2618, 'Nézsa', 'NO'),
(462, 2619, 'Legénd', 'NO'),
(463, 2621, 'Verőce', 'PE'),
(464, 2623, 'Kismaros', 'PE'),
(465, 2624, 'Szokolya', 'PE'),
(466, 2625, 'Kóspallag', 'PE'),
(467, 2626, 'Nagymaros', 'PE'),
(468, 2627, 'Zebegény', 'PE'),
(469, 2628, 'Szob', 'PE'),
(470, 2629, 'Márianosztra', 'PE'),
(471, 2631, 'Ipolydamásd', 'PE'),
(472, 2632, 'Letkés', 'PE'),
(473, 2633, 'Ipolytölgyes', 'PE'),
(474, 2634, 'Nagybörzsöny', 'PE'),
(475, 2635, 'Vámosmikola', 'PE'),
(476, 2636, 'Tésa', 'PE'),
(477, 2637, 'Perőcsény', 'PE'),
(478, 2638, 'Kemence', 'PE'),
(479, 2639, 'Bernecebaráti', 'PE'),
(480, 2640, 'Szendehely', 'NO'),
(481, 2641, 'Berkenye', 'NO'),
(482, 2642, 'Nógrád', 'NO'),
(483, 2643, 'Diósjenő', 'NO'),
(484, 2644, 'Borsosberény', 'NO'),
(485, 2645, 'Nagyoroszi', 'NO'),
(486, 2646, 'Drégelypalánk', 'NO'),
(487, 2647, 'Hont', 'NO'),
(488, 2648, 'Patak', 'NO'),
(489, 2649, 'Dejtár', 'NO'),
(490, 2651, 'Rétság', 'NO'),
(491, 2652, 'Tereske', 'NO'),
(492, 2653, 'Bánk', 'NO'),
(493, 2654, 'Romhány', 'NO'),
(494, 2655, 'Kétbodony', 'NO'),
(495, 2655, 'Kisecset', 'NO'),
(496, 2655, 'Szente', 'NO'),
(497, 2656, 'Szátok', 'NO'),
(498, 2657, 'Tolmács', 'NO'),
(499, 2658, 'Horpács', 'NO'),
(500, 2658, 'Pusztaberki', 'NO'),
(501, 2659, 'Érsekvadkert', 'NO'),
(502, 2660, 'Balassagyarmat', 'NO'),
(503, 2661, 'Balassagyarmat', 'NO'),
(504, 2662, 'Balassagyarmat', 'NO'),
(505, 2668, 'Patvarc', 'NO'),
(506, 2669, 'Ipolyvece', 'NO'),
(507, 2671, 'Őrhalom', 'NO'),
(508, 2672, 'Hugyag', 'NO'),
(509, 2673, 'Csitár', 'NO'),
(510, 2675, 'Iliny', 'NO'),
(511, 2675, 'Nógrádmarcal', 'NO'),
(512, 2676, 'Cserhátsurány', 'NO'),
(513, 2677, 'Herencsény', 'NO'),
(514, 2678, 'Csesztve', 'NO'),
(515, 2681, 'Galgagyörk', 'PE'),
(516, 2682, 'Püspökhatvan', 'PE'),
(517, 2683, 'Acsa', 'PE'),
(518, 2685, 'Nógrádsáp', 'NO'),
(519, 2686, 'Galgaguta', 'NO'),
(520, 2687, 'Bercel', 'NO'),
(521, 2688, 'Vanyarc', 'NO'),
(522, 2691, 'Nógrádkövesd', 'NO'),
(523, 2692, 'Szécsénke', 'NO'),
(524, 2693, 'Becske', 'NO'),
(525, 2694, 'Magyarnándor', 'NO'),
(526, 2694, 'Debercsény', 'NO'),
(527, 2694, 'Cserháthaláp', 'NO'),
(528, 2696, 'Terény', 'NO'),
(529, 2697, 'Szanda', 'NO'),
(530, 2698, 'Mohora', 'NO'),
(531, 2699, 'Szügy', 'NO'),
(532, 2700, 'Cegléd', 'PE'),
(533, 2701, 'Cegléd', 'PE'),
(534, 2702, 'Cegléd', 'PE'),
(535, 2703, 'Cegléd', 'PE'),
(536, 2704, 'Cegléd', 'PE'),
(537, 2711, 'Tápiószentmárton', 'PE'),
(538, 2712, 'Nyársapát', 'PE'),
(539, 2713, 'Csemő', 'PE'),
(540, 2721, 'Pilis', 'PE'),
(541, 2723, 'Nyáregyháza', 'PE'),
(542, 2724, 'Újlengyel', 'PE'),
(543, 2730, 'Albertirsa', 'PE'),
(544, 2735, 'Dánszentmiklós', 'PE'),
(545, 2736, 'Mikebuda', 'PE'),
(546, 2737, 'Ceglédbercel', 'PE'),
(547, 2738, 'Ceglédbercel', 'PE'),
(548, 2740, 'Abony', 'PE'),
(549, 2745, 'Kőröstetétlen', 'PE'),
(550, 2746, 'Jászkarajenő', 'PE'),
(551, 2747, 'Törtel', 'PE'),
(552, 2750, 'Nagykőrös', 'PE'),
(553, 2751, 'Nagykőrös', 'PE'),
(554, 2752, 'Nagykőrös', 'PE'),
(555, 2755, 'Kocsér', 'PE'),
(556, 2760, 'Nagykáta', 'PE'),
(557, 2761, 'Nagykáta', 'PE'),
(558, 2764, 'Tápióbicske', 'PE'),
(559, 2765, 'Farmos', 'PE'),
(560, 2766, 'Tápiószele', 'PE'),
(561, 2767, 'Tápiógyörgye', 'PE'),
(562, 2768, 'Újszilvás', 'PE'),
(563, 2769, 'Tápiószőlős', 'PE'),
(564, 2800, 'Tatabánya', 'KE'),
(565, 2801, 'Tatabánya', 'KE'),
(566, 2802, 'Tatabánya', 'KE'),
(567, 2803, 'Tatabánya', 'KE'),
(568, 2804, 'Tatabánya', 'KE'),
(569, 2805, 'Tatabánya', 'KE'),
(570, 2806, 'Tatabánya', 'KE'),
(571, 2807, 'Tatabánya', 'KE'),
(572, 2808, 'Tatabánya', 'KE'),
(573, 2809, 'Tatabánya', 'KE'),
(574, 2821, 'Gyermely', 'KE'),
(575, 2822, 'Szomor', 'KE'),
(576, 2823, 'Vértessomló', 'KE'),
(577, 2824, 'Várgesztes', 'KE'),
(578, 2831, 'Tarján', 'KE'),
(579, 2832, 'Héreg', 'KE'),
(580, 2833, 'Vértestolna', 'KE'),
(581, 2834, 'Tardos', 'KE'),
(582, 2835, 'Tardos', 'KE'),
(583, 2836, 'Baj', 'KE'),
(584, 2837, 'Vértesszőlős', 'KE'),
(585, 2840, 'Oroszlány', 'KE'),
(586, 2841, 'Oroszlány', 'KE'),
(587, 2842, 'Oroszlány', 'KE'),
(588, 2851, 'Környe', 'KE'),
(589, 2852, 'Kecskéd', 'KE'),
(590, 2853, 'Kömlőd', 'KE'),
(591, 2854, 'Dad', 'KE'),
(592, 2855, 'Bokod', 'KE'),
(593, 2856, 'Szákszend', 'KE'),
(594, 2858, 'Császár', 'KE'),
(595, 2859, 'Vérteskethely', 'KE'),
(596, 2861, 'Bakonysárkány', 'KE'),
(597, 2862, 'Aka', 'KE'),
(598, 2870, 'Kisbér', 'KE'),
(599, 2879, 'Kisbér', 'KE'),
(600, 2881, 'Ászár', 'KE'),
(601, 2882, 'Kerékteleki', 'KE'),
(602, 2883, 'Bársonyos', 'KE'),
(603, 2884, 'Bakonyszombathely', 'KE'),
(604, 2885, 'Bakonybánk', 'KE'),
(605, 2886, 'Réde', 'KE'),
(606, 2887, 'Ácsteszér', 'KE'),
(607, 2888, 'Csatka', 'KE'),
(608, 2889, 'Súr', 'KE'),
(609, 2890, 'Tata', 'KE'),
(610, 2891, 'Tata', 'KE'),
(611, 2892, 'Tata', 'KE'),
(612, 2893, 'Tata', 'KE'),
(613, 2894, 'Tata', 'KE'),
(614, 2896, 'Szomód', 'KE'),
(615, 2897, 'Dunaszentmiklós', 'KE'),
(616, 2898, 'Kocs', 'KE'),
(617, 2899, 'Naszály', 'KE'),
(618, 2900, 'Komárom', 'KE'),
(619, 2901, 'Komárom', 'KE'),
(620, 2902, 'Komárom', 'KE'),
(621, 2903, 'Komárom', 'KE'),
(622, 2904, 'Komárom', 'KE'),
(623, 2911, 'Mocsa', 'KE'),
(624, 2921, 'Mocsa', 'KE'),
(625, 2922, 'Mocsa', 'KE'),
(626, 2931, 'Almásfüzitő', 'KE'),
(627, 2932, 'Almásfüzitő', 'KE'),
(628, 2941, 'Ács', 'KE'),
(629, 2942, 'Nagyigmánd', 'KE'),
(630, 2943, 'Bábolna', 'KE'),
(631, 2944, 'Bana', 'KE'),
(632, 2945, 'Tárkány', 'KE'),
(633, 2946, 'Csép', 'KE'),
(634, 2947, 'Ete', 'KE'),
(635, 2948, 'Kisigmánd', 'KE'),
(636, 2949, 'Csém', 'KE'),
(637, 3000, 'Hatvan', 'HE'),
(638, 3001, 'Hatvan', 'HE'),
(639, 3002, 'Hatvan', 'HE'),
(640, 3003, 'Hatvan', 'HE'),
(641, 3009, 'Hatvan', 'HE'),
(642, 3011, 'Heréd', 'HE'),
(643, 3012, 'Nagykökényes', 'HE'),
(644, 3013, 'Ecséd', 'HE'),
(645, 3014, 'Hort', 'HE'),
(646, 3015, 'Csány', 'HE'),
(647, 3016, 'Boldog', 'HE'),
(648, 3021, 'Lőrinci', 'HE'),
(649, 3022, 'Lőrinci', 'HE'),
(650, 3023, 'Petőfibánya', 'HE'),
(651, 3024, 'Petőfibánya', 'HE'),
(652, 3031, 'Zagyvaszántó', 'HE'),
(653, 3032, 'Apc', 'HE'),
(654, 3033, 'Rózsaszentmárton', 'HE'),
(655, 3034, 'Szűcsi', 'HE'),
(656, 3035, 'Gyöngyöspata', 'HE'),
(657, 3036, 'Gyöngyöstarján', 'HE'),
(658, 3041, 'Héhalom', 'NO'),
(659, 3042, 'Palotás', 'NO'),
(660, 3043, 'Egyházasdengeleg', 'NO'),
(661, 3044, 'Szirák', 'NO'),
(662, 3045, 'Bér', 'NO'),
(663, 3046, 'Kisbágyon', 'NO'),
(664, 3047, 'Buják', 'NO'),
(665, 3051, 'Szarvasgede', 'NO'),
(666, 3052, 'Csécse', 'NO'),
(667, 3053, 'Kozárd', 'NO'),
(668, 3053, 'Ecseg', 'NO'),
(669, 3060, 'Pásztó', 'NO'),
(670, 3061, 'Pásztó', 'NO'),
(671, 3062, 'Pásztó', 'NO'),
(672, 3063, 'Jobbágyi', 'NO'),
(673, 3064, 'Szurdokpüspöki', 'NO'),
(674, 3065, 'Szurdokpüspöki', 'NO'),
(675, 3066, 'Kutasó', 'NO'),
(676, 3066, 'Bokor', 'NO'),
(677, 3066, 'Cserhátszentiván', 'NO'),
(678, 3067, 'Felsőtold', 'NO'),
(679, 3067, 'Garáb', 'NO'),
(680, 3068, 'Mátraszőlős', 'NO'),
(681, 3069, 'Alsótold', 'NO'),
(682, 3070, 'Bátonyterenye', 'NO'),
(683, 3071, 'Bátonyterenye', 'NO'),
(684, 3072, 'Bátonyterenye', 'NO'),
(685, 3073, 'Tar', 'NO'),
(686, 3074, 'Sámsonháza', 'NO'),
(687, 3075, 'Márkháza', 'NO'),
(688, 3075, 'Kisbárkány', 'NO'),
(689, 3075, 'Nagybárkány', 'NO'),
(690, 3077, 'Mátraverebély', 'NO'),
(691, 3078, 'Mátraverebély', 'NO'),
(692, 3082, 'Mátraverebély', 'NO'),
(693, 3100, 'Salgótarján', 'NO'),
(694, 3101, 'Salgótarján', 'NO'),
(695, 3102, 'Salgótarján', 'NO'),
(696, 3103, 'Salgótarján', 'NO'),
(697, 3104, 'Salgótarján', 'NO'),
(698, 3107, 'Salgótarján', 'NO'),
(699, 3109, 'Salgótarján', 'NO'),
(700, 3110, 'Salgótarján', 'NO'),
(701, 3121, 'Salgótarján', 'NO'),
(702, 3123, 'Cered', 'NO'),
(703, 3124, 'Zabar', 'NO'),
(704, 3125, 'Szilaspogony', 'NO'),
(705, 3126, 'Bárna', 'NO'),
(706, 3127, 'Kazár', 'NO'),
(707, 3128, 'Vizslás', 'NO'),
(708, 3129, 'Lucfalva', 'NO'),
(709, 3131, 'Sóshartyán', 'NO'),
(710, 3132, 'Nógrádmegyer', 'NO'),
(711, 3133, 'Magyargéc', 'NO'),
(712, 3134, 'Piliny', 'NO'),
(713, 3135, 'Szécsényfelfalu', 'NO'),
(714, 3136, 'Etes', 'NO'),
(715, 3137, 'Karancsberény', 'NO'),
(716, 3138, 'Ipolytarnóc', 'NO'),
(717, 3141, 'Ipolytarnóc', 'NO'),
(718, 3142, 'Mátraszele', 'NO'),
(719, 3143, 'Mátranovák', 'NO'),
(720, 3144, 'Mátranovák', 'NO'),
(721, 3145, 'Mátraterenye', 'NO'),
(722, 3146, 'Mátraterenye', 'NO'),
(723, 3147, 'Mátraterenye', 'NO'),
(724, 3151, 'Rákóczibánya', 'NO'),
(725, 3152, 'Nemti', 'NO'),
(726, 3153, 'Dorogháza', 'NO'),
(727, 3154, 'Szuha', 'NO'),
(728, 3155, 'Mátramindszent', 'NO'),
(729, 3161, 'Kishartyán', 'NO'),
(730, 3162, 'Ságújfalu', 'NO'),
(731, 3163, 'Karancsság', 'NO'),
(732, 3163, 'Szalmatercs', 'NO'),
(733, 3165, 'Endrefalva', 'NO'),
(734, 3170, 'Szécsény', 'NO'),
(735, 3175, 'Nagylóc', 'NO'),
(736, 3176, 'Hollókő', 'NO'),
(737, 3177, 'Rimóc', 'NO'),
(738, 3178, 'Varsány', 'NO'),
(739, 3179, 'Nógrádsipek', 'NO'),
(740, 3181, 'Karancsalja', 'NO'),
(741, 3182, 'Karancslapujtő', 'NO'),
(742, 3183, 'Karancskeszi', 'NO'),
(743, 3184, 'Mihálygerge', 'NO'),
(744, 3185, 'Egyházasgerge', 'NO'),
(745, 3186, 'Litke', 'NO'),
(746, 3187, 'Nógrádszakál', 'NO'),
(747, 3188, 'Ludányhalászi', 'NO'),
(748, 3200, 'Gyöngyös', 'HE'),
(749, 3201, 'Gyöngyös', 'HE'),
(750, 3202, 'Gyöngyös', 'HE'),
(751, 3211, 'Gyöngyösoroszi', 'HE'),
(752, 3212, 'Gyöngyöshalász', 'HE'),
(753, 3213, 'Atkár', 'HE'),
(754, 3214, 'Nagyréde', 'HE'),
(755, 3221, 'Nagyréde', 'HE'),
(756, 3231, 'Gyöngyössolymos', 'HE'),
(757, 3232, 'Gyöngyössolymos', 'HE'),
(758, 3233, 'Gyöngyössolymos', 'HE'),
(759, 3234, 'Gyöngyössolymos', 'HE'),
(760, 3235, 'Mátraszentimre', 'HE'),
(761, 3240, 'Parád', 'HE'),
(762, 3242, 'Parádsasvár', 'HE'),
(763, 3243, 'Bodony', 'HE'),
(764, 3244, 'Bodony', 'HE'),
(765, 3245, 'Recsk', 'HE'),
(766, 3246, 'Mátraderecske', 'HE'),
(767, 3247, 'Mátraballa', 'HE'),
(768, 3248, 'Ivád', 'HE'),
(769, 3250, 'Pétervására', 'HE'),
(770, 3252, 'Erdőkövesd', 'HE'),
(771, 3253, 'Istenmezeje', 'HE'),
(772, 3254, 'Váraszó', 'HE'),
(773, 3255, 'Fedémes', 'HE'),
(774, 3256, 'Kisfüzes', 'HE'),
(775, 3257, 'Bükkszenterzsébet', 'HE'),
(776, 3258, 'Tarnalelesz', 'HE'),
(777, 3259, 'Szentdomonkos', 'HE'),
(778, 3261, 'Abasár', 'HE'),
(779, 3262, 'Markaz', 'HE'),
(780, 3263, 'Domoszló', 'HE'),
(781, 3264, 'Kisnána', 'HE'),
(782, 3265, 'Vécs', 'HE'),
(783, 3271, 'Visonta', 'HE'),
(784, 3272, 'Visonta', 'HE'),
(785, 3273, 'Halmajugra', 'HE'),
(786, 3274, 'Ludas', 'HE'),
(787, 3275, 'Detk', 'HE'),
(788, 3281, 'Karácsond', 'HE'),
(789, 3282, 'Nagyfüged', 'HE'),
(790, 3283, 'Tarnazsadány', 'HE'),
(791, 3284, 'Tarnaméra', 'HE'),
(792, 3291, 'Vámosgyörk', 'HE'),
(793, 3292, 'Adács', 'HE'),
(794, 3293, 'Visznek', 'HE'),
(795, 3294, 'Tarnaörs', 'HE'),
(796, 3295, 'Erk', 'HE'),
(797, 3296, 'Zaránk', 'HE'),
(798, 3300, 'Eger', 'HE'),
(799, 3301, 'Eger', 'HE'),
(800, 3302, 'Eger', 'HE'),
(801, 3303, 'Eger', 'HE'),
(802, 3304, 'Eger', 'HE'),
(803, 3305, 'Eger', 'HE'),
(804, 3321, 'Egerbakta', 'HE'),
(805, 3322, 'Hevesaranyos', 'HE'),
(806, 3323, 'Szarvaskő', 'HE'),
(807, 3324, 'Felsőtárkány', 'HE'),
(808, 3325, 'Noszvaj', 'HE'),
(809, 3326, 'Ostoros', 'HE'),
(810, 3327, 'Novaj', 'HE'),
(811, 3328, 'Egerszólát', 'HE'),
(812, 3331, 'Tarnaszentmária', 'HE'),
(813, 3332, 'Sirok', 'HE'),
(814, 3333, 'Terpes', 'HE'),
(815, 3334, 'Szajla', 'HE'),
(816, 3335, 'Bükkszék', 'HE'),
(817, 3336, 'Bátor', 'HE'),
(818, 3337, 'Egerbocs', 'HE'),
(819, 3341, 'Szúcs', 'HE'),
(820, 3341, 'Egercsehi', 'HE'),
(821, 3343, 'Bekölce', 'HE'),
(822, 3344, 'Mikófalva', 'HE'),
(823, 3345, 'Mónosbél', 'HE'),
(824, 3346, 'Bélapátfalva', 'HE'),
(825, 3346, 'Bükkszentmárton', 'HE'),
(826, 3347, 'Balaton', 'HE'),
(827, 3348, 'Szilvásvárad', 'HE'),
(828, 3349, 'Nagyvisnyó', 'HE'),
(829, 3350, 'Kál', 'HE'),
(830, 3351, 'Verpelét', 'HE'),
(831, 3352, 'Feldebrő', 'HE'),
(832, 3353, 'Aldebrő', 'HE'),
(833, 3354, 'Tófalu', 'HE'),
(834, 3355, 'Kápolna', 'HE'),
(835, 3356, 'Kompolt', 'HE'),
(836, 3357, 'Nagyút', 'HE'),
(837, 3358, 'Erdőtelek', 'HE'),
(838, 3359, 'Tenk', 'HE'),
(839, 3360, 'Heves', 'HE'),
(840, 3368, 'Boconád', 'HE'),
(841, 3369, 'Tarnabod', 'HE'),
(842, 3371, 'Átány', 'HE'),
(843, 3372, 'Kömlő', 'HE'),
(844, 3373, 'Besenyőtelek', 'HE'),
(845, 3374, 'Dormánd', 'HE'),
(846, 3375, 'Mezőtárkány', 'HE'),
(847, 3377, 'Szihalom', 'HE'),
(848, 3378, 'Mezőszemere', 'HE'),
(849, 3379, 'Egerfarmos', 'HE'),
(850, 3381, 'Pély', 'HE'),
(851, 3382, 'Tarnaszentmiklós', 'HE'),
(852, 3383, 'Hevesvezekény', 'HE'),
(853, 3384, 'Kisköre', 'HE'),
(854, 3385, 'Tiszanána', 'HE'),
(855, 3386, 'Sarud', 'HE'),
(856, 3387, 'Újlőrincfalva', 'HE'),
(857, 3388, 'Poroszló', 'HE'),
(858, 3390, 'Füzesabony', 'HE'),
(859, 3392, 'Füzesabony', 'HE'),
(860, 3393, 'Füzesabony', 'HE'),
(861, 3394, 'Egerszalók', 'HE'),
(862, 3395, 'Demjén', 'HE'),
(863, 3396, 'Kerecsend', 'HE'),
(864, 3397, 'Maklár', 'HE'),
(865, 3398, 'Nagytálya', 'HE'),
(866, 3399, 'Andornaktálya', 'HE'),
(867, 3400, 'Mezőkövesd', 'BZ'),
(868, 3401, 'Mezőkövesd', 'BZ'),
(869, 3402, 'Mezőkövesd', 'BZ'),
(870, 3411, 'Szomolya', 'BZ'),
(871, 3412, 'Bogács', 'BZ'),
(872, 3413, 'Cserépfalu', 'BZ'),
(873, 3414, 'Bükkzsérc', 'BZ'),
(874, 3416, 'Tard', 'BZ'),
(875, 3417, 'Cserépváralja', 'BZ'),
(876, 3418, 'Szentistván', 'BZ'),
(877, 3421, 'Mezőnyárád', 'BZ'),
(878, 3422, 'Bükkábrány', 'BZ'),
(879, 3423, 'Tibolddaróc', 'BZ'),
(880, 3424, 'Kács', 'BZ'),
(881, 3425, 'Sály', 'BZ'),
(882, 3426, 'Borsodgeszt', 'BZ'),
(883, 3431, 'Vatta', 'BZ'),
(884, 3432, 'Emőd', 'BZ'),
(885, 3433, 'Nyékládháza', 'BZ'),
(886, 3434, 'Mályi', 'BZ'),
(887, 3435, 'Mályi', 'BZ'),
(888, 3441, 'Mezőkeresztes', 'BZ'),
(889, 3442, 'Csincse', 'BZ'),
(890, 3443, 'Mezőnagymihály', 'BZ'),
(891, 3444, 'Gelej', 'BZ'),
(892, 3450, 'Mezőcsát', 'BZ'),
(893, 3458, 'Tiszakeszi', 'BZ'),
(894, 3459, 'Igrici', 'BZ'),
(895, 3461, 'Egerlövő', 'BZ'),
(896, 3462, 'Borsodivánka', 'BZ'),
(897, 3463, 'Négyes', 'BZ'),
(898, 3464, 'Tiszavalk', 'BZ'),
(899, 3465, 'Tiszabábolna', 'BZ'),
(900, 3466, 'Tiszadorogma', 'BZ'),
(901, 3467, 'Ároktő', 'BZ'),
(902, 3500, 'Miskolc', 'BZ'),
(903, 3501, 'Miskolc', 'BZ'),
(904, 3502, 'Miskolc', 'BZ'),
(905, 3503, 'Miskolc', 'BZ'),
(906, 3504, 'Miskolc', 'BZ'),
(907, 3505, 'Miskolc', 'BZ'),
(908, 3506, 'Miskolc', 'BZ'),
(909, 3507, 'Miskolc', 'BZ'),
(910, 3508, 'Miskolc', 'BZ'),
(911, 3509, 'Miskolc', 'BZ'),
(912, 3510, 'Miskolc', 'BZ'),
(913, 3511, 'Miskolc', 'BZ'),
(914, 3513, 'Miskolc', 'BZ'),
(915, 3514, 'Miskolc', 'BZ'),
(916, 3515, 'Miskolc', 'BZ'),
(917, 3516, 'Miskolc', 'BZ'),
(918, 3517, 'Miskolc', 'BZ'),
(919, 3518, 'Miskolc', 'BZ'),
(920, 3519, 'Miskolc', 'BZ'),
(921, 3521, 'Miskolc', 'BZ'),
(922, 3523, 'Miskolc', 'BZ'),
(923, 3524, 'Miskolc', 'BZ'),
(924, 3525, 'Miskolc', 'BZ'),
(925, 3526, 'Miskolc', 'BZ'),
(926, 3527, 'Miskolc', 'BZ'),
(927, 3528, 'Miskolc', 'BZ'),
(928, 3529, 'Miskolc', 'BZ'),
(929, 3530, 'Miskolc', 'BZ'),
(930, 3531, 'Miskolc', 'BZ'),
(931, 3532, 'Miskolc', 'BZ'),
(932, 3533, 'Miskolc', 'BZ'),
(933, 3534, 'Miskolc', 'BZ'),
(934, 3535, 'Miskolc', 'BZ'),
(935, 3542, 'Miskolc', 'BZ'),
(936, 3543, 'Miskolc', 'BZ'),
(937, 3544, 'Miskolc', 'BZ'),
(938, 3545, 'Miskolc', 'BZ'),
(939, 3546, 'Miskolc', 'BZ'),
(940, 3547, 'Miskolc', 'BZ'),
(941, 3548, 'Miskolc', 'BZ'),
(942, 3549, 'Miskolc', 'BZ'),
(943, 3551, 'Ónod', 'BZ'),
(944, 3552, 'Muhi', 'BZ'),
(945, 3553, 'Kistokaj', 'BZ'),
(946, 3554, 'Bükkaranyos', 'BZ'),
(947, 3555, 'Harsány', 'BZ'),
(948, 3556, 'Kisgyőr', 'BZ'),
(949, 3557, 'Bükkszentkereszt', 'BZ'),
(950, 3559, 'Répáshuta', 'BZ'),
(951, 3561, 'Felsőzsolca', 'BZ'),
(952, 3562, 'Onga', 'BZ'),
(953, 3563, 'Hernádkak', 'BZ'),
(954, 3564, 'Hernádnémeti', 'BZ'),
(955, 3565, 'Tiszalúc', 'BZ'),
(956, 3571, 'Alsózsolca', 'BZ'),
(957, 3572, 'Sajólád', 'BZ'),
(958, 3573, 'Sajópetri', 'BZ'),
(959, 3574, 'Bőcs', 'BZ'),
(960, 3575, 'Berzék', 'BZ'),
(961, 3576, 'Sajóhídvég', 'BZ'),
(962, 3577, 'Köröm', 'BZ'),
(963, 3578, 'Girincs', 'BZ'),
(964, 3578, 'Kiscsécs', 'BZ'),
(965, 3579, 'Kesznyéten', 'BZ'),
(966, 3580, 'Tiszaújváros', 'BZ'),
(967, 3581, 'Tiszaújváros', 'BZ'),
(968, 3582, 'Tiszaújváros', 'BZ'),
(969, 3585, 'Tiszaújváros', 'BZ'),
(970, 3586, 'Sajóörös', 'BZ'),
(971, 3587, 'Tiszapalkonya', 'BZ'),
(972, 3588, 'Hejőkürt', 'BZ'),
(973, 3589, 'Tiszatarján', 'BZ'),
(974, 3591, 'Oszlár', 'BZ'),
(975, 3592, 'Nemesbikk', 'BZ'),
(976, 3593, 'Hejőbába', 'BZ'),
(977, 3594, 'Hejőpapi', 'BZ'),
(978, 3595, 'Hejőszalonta', 'BZ'),
(979, 3596, 'Szakáld', 'BZ'),
(980, 3597, 'Hejőkeresztúr', 'BZ'),
(981, 3598, 'Nagycsécs', 'BZ'),
(982, 3599, 'Sajószöged', 'BZ'),
(983, 3600, 'Ózd', 'BZ'),
(984, 3601, 'Ózd', 'BZ'),
(985, 3603, 'Ózd', 'BZ'),
(986, 3604, 'Ózd', 'BZ'),
(987, 3607, 'Ózd', 'BZ'),
(988, 3608, 'Ózd', 'BZ'),
(989, 3621, 'Ózd', 'BZ'),
(990, 3622, 'Uppony', 'BZ'),
(991, 3623, 'Borsodszentgyörgy', 'BZ'),
(992, 3625, 'Borsodszentgyörgy', 'BZ'),
(993, 3626, 'Hangony', 'BZ'),
(994, 3627, 'Kissikátor', 'BZ'),
(995, 3627, 'Domaháza', 'BZ'),
(996, 3630, 'Putnok', 'BZ'),
(997, 3635, 'Dubicsány', 'BZ'),
(998, 3636, 'Sajógalgóc', 'BZ'),
(999, 3636, 'Vadna', 'BZ'),
(1000, 3641, 'Nagybarca', 'BZ'),
(1001, 3642, 'Bánhorváti', 'BZ'),
(1002, 3643, 'Dédestapolcsány', 'BZ'),
(1003, 3644, 'Tardona', 'BZ'),
(1004, 3645, 'Mályinka', 'BZ'),
(1005, 3646, 'Nekézseny', 'BZ'),
(1006, 3647, 'Csokvaomány', 'BZ'),
(1007, 3648, 'Lénárddaróc', 'BZ'),
(1008, 3648, 'Bükkmogyorósd', 'BZ'),
(1009, 3648, 'Csernely', 'BZ'),
(1010, 3651, 'Lénárddaróc', 'BZ'),
(1011, 3652, 'Sajónémeti', 'BZ'),
(1012, 3653, 'Sajópüspöki', 'BZ'),
(1013, 3654, 'Bánréve', 'BZ'),
(1014, 3655, 'Hét', 'BZ'),
(1015, 3656, 'Sajómercse', 'BZ'),
(1016, 3656, 'Sajóvelezd', 'BZ'),
(1017, 3657, 'Királd', 'BZ'),
(1018, 3658, 'Borsodbóta', 'BZ'),
(1019, 3659, 'Sáta', 'BZ'),
(1020, 3661, 'Sáta', 'BZ'),
(1021, 3662, 'Sáta', 'BZ'),
(1022, 3663, 'Arló', 'BZ'),
(1023, 3664, 'Járdánháza', 'BZ'),
(1024, 3671, 'Borsodnádasd', 'BZ'),
(1025, 3672, 'Borsodnádasd', 'BZ'),
(1026, 3700, 'Kazincbarcika', 'BZ'),
(1027, 3701, 'Kazincbarcika', 'BZ'),
(1028, 3702, 'Kazincbarcika', 'BZ'),
(1029, 3703, 'Kazincbarcika', 'BZ'),
(1030, 3704, 'Kazincbarcika', 'BZ'),
(1031, 3705, 'Kazincbarcika', 'BZ'),
(1032, 3711, 'Szirmabesenyő', 'BZ'),
(1033, 3712, 'Sajósenye', 'BZ'),
(1034, 3712, 'Sajóvámos', 'BZ'),
(1035, 3713, 'Arnót', 'BZ'),
(1036, 3714, 'Sajópálfala', 'BZ'),
(1037, 3715, 'Gesztely', 'BZ'),
(1038, 3716, 'Újcsanálos', 'BZ'),
(1039, 3716, 'Sóstófalva', 'BZ'),
(1040, 3717, 'Alsódobsza', 'BZ'),
(1041, 3718, 'Megyaszó', 'BZ'),
(1042, 3720, 'Sajókaza', 'BZ'),
(1043, 3720, 'Sajóivánka', 'BZ'),
(1044, 3721, 'Felsőnyárád', 'BZ'),
(1045, 3721, 'Jákfalva', 'BZ'),
(1046, 3721, 'Dövény', 'BZ'),
(1047, 3722, 'Felsőkelecsény', 'BZ'),
(1048, 3723, 'Zubogy', 'BZ'),
(1049, 3724, 'Imola', 'BZ'),
(1050, 3724, 'Ragály', 'BZ'),
(1051, 3724, 'Trizs', 'BZ'),
(1052, 3726, 'Alsószuha', 'BZ'),
(1053, 3726, 'Szuhafő', 'BZ'),
(1054, 3726, 'Zádorfalva', 'BZ'),
(1055, 3728, 'Gömörszőlős', 'BZ'),
(1056, 3728, 'Kelemér', 'BZ'),
(1057, 3729, 'Serényfalva', 'BZ'),
(1058, 3731, 'Szuhakálló', 'BZ'),
(1059, 3732, 'Kurityán', 'BZ'),
(1060, 3733, 'Rudabánya', 'BZ'),
(1061, 3734, 'Szuhogy', 'BZ'),
(1062, 3735, 'Kánó', 'BZ'),
(1063, 3735, 'Felsőtelekes', 'BZ'),
(1064, 3735, 'Alsótelekes', 'BZ'),
(1065, 3741, 'Izsófalva', 'BZ'),
(1066, 3742, 'Rudolftelep', 'BZ'),
(1067, 3743, 'Ormosbánya', 'BZ'),
(1068, 3744, 'Múcsony', 'BZ'),
(1069, 3751, 'Szendrőlád', 'BZ'),
(1070, 3752, 'Galvács', 'BZ'),
(1071, 3752, 'Szendrő', 'BZ'),
(1072, 3753, 'Abod', 'BZ'),
(1073, 3754, 'Szalonna', 'BZ'),
(1074, 3754, 'Meszes', 'BZ'),
(1075, 3755, 'Martonyi', 'BZ'),
(1076, 3756, 'Varbóc', 'BZ'),
(1077, 3756, 'Perkupa', 'BZ'),
(1078, 3757, 'Égerszög', 'BZ'),
(1079, 3757, 'Teresztenye', 'BZ'),
(1080, 3757, 'Szőlősardó', 'BZ'),
(1081, 3758, 'Jósvafő', 'BZ'),
(1082, 3759, 'Aggtelek', 'BZ'),
(1083, 3761, 'Szin', 'BZ'),
(1084, 3761, 'Tornakápolna', 'BZ'),
(1085, 3761, 'Szinpetri', 'BZ'),
(1086, 3762, 'Szögliget', 'BZ'),
(1087, 3763, 'Bódvaszilas', 'BZ'),
(1088, 3764, 'Bódvarákó', 'BZ'),
(1089, 3765, 'Tornaszentandrás', 'BZ'),
(1090, 3765, 'Komjáti', 'BZ'),
(1091, 3765, 'Tornabarakony', 'BZ'),
(1092, 3767, 'Tornanádaska', 'BZ'),
(1093, 3768, 'Hidvégardó', 'BZ'),
(1094, 3768, 'Bódvalenke', 'BZ'),
(1095, 3768, 'Becskeháza', 'BZ'),
(1096, 3769, 'Tornaszentjakab', 'BZ'),
(1097, 3770, 'Sajószentpéter', 'BZ'),
(1098, 3773, 'Sajókápolna', 'BZ'),
(1099, 3773, 'Sajólászlófalva', 'BZ'),
(1100, 3775, 'Kondó', 'BZ'),
(1101, 3776, 'Radostyán', 'BZ'),
(1102, 3777, 'Parasznya', 'BZ'),
(1103, 3778, 'Varbó', 'BZ'),
(1104, 3779, 'Alacska', 'BZ'),
(1105, 3780, 'Ládbesenyő', 'BZ'),
(1106, 3780, 'Damak', 'BZ'),
(1107, 3780, 'Balajt', 'BZ'),
(1108, 3780, 'Edelény', 'BZ'),
(1109, 3783, 'Ládbesenyő', 'BZ'),
(1110, 3786, 'Irota', 'BZ'),
(1111, 3786, 'Szakácsi', 'BZ'),
(1112, 3786, 'Hegymeg', 'BZ'),
(1113, 3786, 'Lak', 'BZ'),
(1114, 3787, 'Tomor', 'BZ'),
(1115, 3791, 'Sajókeresztúr', 'BZ'),
(1116, 3792, 'Sajóbábony', 'BZ'),
(1117, 3793, 'Sajóecseg', 'BZ'),
(1118, 3794, 'Boldva', 'BZ'),
(1119, 3794, 'Ziliz', 'BZ'),
(1120, 3795, 'Hangács', 'BZ'),
(1121, 3795, 'Nyomár', 'BZ'),
(1122, 3796, 'Borsodszirák', 'BZ'),
(1123, 3800, 'Szikszó', 'BZ'),
(1124, 3809, 'Abaújszolnok', 'BZ'),
(1125, 3809, 'Nyésta', 'BZ'),
(1126, 3809, 'Selyeb', 'BZ'),
(1127, 3811, 'Alsóvadász', 'BZ'),
(1128, 3812, 'Monaj', 'BZ'),
(1129, 3812, 'Homrogd', 'BZ'),
(1130, 3813, 'Kupa', 'BZ'),
(1131, 3814, 'Felsővadász', 'BZ'),
(1132, 3815, 'Gadna', 'BZ'),
(1133, 3815, 'Abaújlak', 'BZ'),
(1134, 3816, 'Gagyvendégi', 'BZ'),
(1135, 3817, 'Gagybátor', 'BZ'),
(1136, 3821, 'Pamlény', 'BZ'),
(1137, 3821, 'Büttös', 'BZ'),
(1138, 3821, 'Szászfa', 'BZ'),
(1139, 3821, 'Kány', 'BZ'),
(1140, 3821, 'Perecse', 'BZ'),
(1141, 3821, 'Krasznokvajda', 'BZ'),
(1142, 3821, 'Keresztéte', 'BZ'),
(1143, 3825, 'Debréte', 'BZ'),
(1144, 3825, 'Rakaca', 'BZ'),
(1145, 3825, 'Viszló', 'BZ'),
(1146, 3826, 'Rakacaszend', 'BZ'),
(1147, 3831, 'Kázsmárk', 'BZ'),
(1148, 3832, 'Léh', 'BZ'),
(1149, 3833, 'Rásonysápberencs', 'BZ'),
(1150, 3834, 'Beret', 'BZ'),
(1151, 3834, 'Detek', 'BZ'),
(1152, 3836, 'Baktakék', 'BZ'),
(1153, 3837, 'Felsőgagy', 'BZ'),
(1154, 3837, 'Gagyapáti', 'BZ'),
(1155, 3837, 'Alsógagy', 'BZ'),
(1156, 3837, 'Csenyéte', 'BZ'),
(1157, 3841, 'Aszaló', 'BZ'),
(1158, 3842, 'Halmaj', 'BZ'),
(1159, 3843, 'Kiskinizs', 'BZ'),
(1160, 3844, 'Szentistvánbaksa', 'BZ'),
(1161, 3844, 'Nagykinizs', 'BZ'),
(1162, 3846, 'Hernádkércs', 'BZ'),
(1163, 3847, 'Felsődobsza', 'BZ'),
(1164, 3848, 'Csobád', 'BZ'),
(1165, 3849, 'Forró', 'BZ'),
(1166, 3851, 'Ináncs', 'BZ'),
(1167, 3852, 'Hernádszentandrás', 'BZ'),
(1168, 3853, 'Pere', 'BZ'),
(1169, 3853, 'Hernádbűd', 'BZ'),
(1170, 3854, 'Hernádbűd', 'BZ'),
(1171, 3855, 'Fancsal', 'BZ'),
(1172, 3860, 'Encs', 'BZ'),
(1173, 3861, 'Encs', 'BZ'),
(1174, 3863, 'Szalaszend', 'BZ'),
(1175, 3864, 'Fulókércs', 'BZ'),
(1176, 3865, 'Fáj', 'BZ'),
(1177, 3866, 'Szemere', 'BZ'),
(1178, 3866, 'Litka', 'BZ'),
(1179, 3871, 'Méra', 'BZ'),
(1180, 3872, 'Novajidrány', 'BZ'),
(1181, 3873, 'Garadna', 'BZ'),
(1182, 3874, 'Pusztaradvány', 'BZ'),
(1183, 3874, 'Hernádvécse', 'BZ'),
(1184, 3874, 'Hernádpetri', 'BZ'),
(1185, 3875, 'Hernádszurdok', 'BZ'),
(1186, 3876, 'Hidasnémeti', 'BZ'),
(1187, 3877, 'Tornyosnémeti', 'BZ'),
(1188, 3881, 'Abaújszántó', 'BZ'),
(1189, 3881, 'Sima', 'BZ'),
(1190, 3881, 'Baskó', 'BZ'),
(1191, 3882, 'Abaújalpár', 'BZ'),
(1192, 3882, 'Abaújkér', 'BZ'),
(1193, 3884, 'Boldogkőújfalu', 'BZ'),
(1194, 3885, 'Boldogkőváralja', 'BZ'),
(1195, 3885, 'Arka', 'BZ'),
(1196, 3886, 'Korlát', 'BZ'),
(1197, 3887, 'Hernádcéce', 'BZ'),
(1198, 3888, 'Vizsoly', 'BZ'),
(1199, 3891, 'Vilmány', 'BZ'),
(1200, 3892, 'Hejce', 'BZ'),
(1201, 3893, 'Regéc', 'BZ'),
(1202, 3893, 'Fony', 'BZ'),
(1203, 3893, 'Mogyoróska', 'BZ'),
(1204, 3894, 'Göncruszka', 'BZ'),
(1205, 3895, 'Gönc', 'BZ'),
(1206, 3896, 'Telkibánya', 'BZ'),
(1207, 3897, 'Zsujta', 'BZ'),
(1208, 3898, 'Abaújvár', 'BZ'),
(1209, 3898, 'Pányok', 'BZ'),
(1210, 3899, 'Kéked', 'BZ'),
(1211, 3900, 'Szerencs', 'BZ'),
(1212, 3901, 'Szerencs', 'BZ'),
(1213, 3903, 'Bekecs', 'BZ'),
(1214, 3904, 'Legyesbénye', 'BZ'),
(1215, 3905, 'Monok', 'BZ'),
(1216, 3906, 'Golop', 'BZ'),
(1217, 3907, 'Tállya', 'BZ'),
(1218, 3908, 'Rátka', 'BZ'),
(1219, 3909, 'Mád', 'BZ'),
(1220, 3910, 'Tokaj', 'BZ'),
(1221, 3911, 'Tokaj', 'BZ'),
(1222, 3915, 'Tarcal', 'BZ'),
(1223, 3916, 'Bodrogkeresztúr', 'BZ'),
(1224, 3917, 'Bodrogkisfalud', 'BZ'),
(1225, 3918, 'Szegi', 'BZ'),
(1226, 3918, 'Szegilong', 'BZ'),
(1227, 3921, 'Taktaszada', 'BZ'),
(1228, 3922, 'Taktaharkány', 'BZ'),
(1229, 3923, 'Taktaharkány', 'BZ'),
(1230, 3924, 'Taktakenéz', 'BZ'),
(1231, 3925, 'Prügy', 'BZ'),
(1232, 3926, 'Taktabáj', 'BZ'),
(1233, 3927, 'Csobaj', 'BZ'),
(1234, 3928, 'Tiszatardos', 'BZ'),
(1235, 3929, 'Tiszaladány', 'BZ'),
(1236, 3931, 'Mezőzombor', 'BZ'),
(1237, 3932, 'Erdőbénye', 'BZ'),
(1238, 3933, 'Olaszliszka', 'BZ'),
(1239, 3934, 'Tolcsva', 'BZ'),
(1240, 3935, 'Erdőhorváti', 'BZ'),
(1241, 3936, 'Háromhuta', 'BZ'),
(1242, 3937, 'Komlóska', 'BZ'),
(1243, 3941, 'Vámosújfalu', 'BZ'),
(1244, 3942, 'Sárazsadány', 'BZ'),
(1245, 3943, 'Bodrogolaszi', 'BZ'),
(1246, 3944, 'Bodrogolaszi', 'BZ'),
(1247, 3945, 'Bodrogolaszi', 'BZ'),
(1248, 3950, 'Sárospatak', 'BZ'),
(1249, 3954, 'Györgytarló', 'BZ'),
(1250, 3955, 'Kenézlő', 'BZ'),
(1251, 3956, 'Viss', 'BZ'),
(1252, 3957, 'Zalkod', 'BZ'),
(1253, 3958, 'Hercegkút', 'BZ'),
(1254, 3959, 'Makkoshotyka', 'BZ'),
(1255, 3961, 'Vajdácska', 'BZ'),
(1256, 3962, 'Karos', 'BZ'),
(1257, 3963, 'Karcsa', 'BZ'),
(1258, 3964, 'Pácin', 'BZ'),
(1259, 3965, 'Kisrozvágy', 'BZ'),
(1260, 3965, 'Nagyrozvágy', 'BZ'),
(1261, 3967, 'Lácacséke', 'BZ'),
(1262, 3971, 'Tiszakarád', 'BZ'),
(1263, 3972, 'Tiszacsermely', 'BZ'),
(1264, 3973, 'Cigánd', 'BZ'),
(1265, 3974, 'Ricse', 'BZ'),
(1266, 3974, 'Semjén', 'BZ'),
(1267, 3976, 'Révleányvár', 'BZ'),
(1268, 3977, 'Zemplénagárd', 'BZ'),
(1269, 3978, 'Dámóc', 'BZ'),
(1270, 3980, 'Sátoraljaújhely', 'BZ'),
(1271, 3981, 'Sátoraljaújhely', 'BZ'),
(1272, 3985, 'Felsőberecki', 'BZ'),
(1273, 3985, 'Alsóberecki', 'BZ'),
(1274, 3987, 'Bodroghalom', 'BZ'),
(1275, 3988, 'Bodroghalom', 'BZ'),
(1276, 3989, 'Mikóháza', 'BZ'),
(1277, 3989, 'Felsőregmec', 'BZ'),
(1278, 3989, 'Alsóregmec', 'BZ'),
(1279, 3991, 'Vilyvitány', 'BZ'),
(1280, 3992, 'Vágáshuta', 'BZ'),
(1281, 3992, 'Kovácsvágás', 'BZ'),
(1282, 3993, 'Füzérradvány', 'BZ'),
(1283, 3994, 'Kishuta', 'BZ'),
(1284, 3994, 'Filkeháza', 'BZ'),
(1285, 3994, 'Nagyhuta', 'BZ'),
(1286, 3994, 'Füzérkajata', 'BZ'),
(1287, 3994, 'Pálháza', 'BZ'),
(1288, 3994, 'Bózsva', 'BZ'),
(1289, 3995, 'Pusztafalu', 'BZ'),
(1290, 3996, 'Füzér', 'BZ'),
(1291, 3997, 'Füzérkomlós', 'BZ'),
(1292, 3998, 'Nyíri', 'BZ'),
(1293, 3999, 'Hollóháza', 'BZ'),
(1294, 4000, 'Debrecen', 'HB'),
(1295, 4001, 'Debrecen', 'HB'),
(1296, 4002, 'Debrecen', 'HB'),
(1297, 4003, 'Debrecen', 'HB'),
(1298, 4004, 'Debrecen', 'HB'),
(1299, 4005, 'Debrecen', 'HB'),
(1300, 4006, 'Debrecen', 'HB'),
(1301, 4007, 'Debrecen', 'HB'),
(1302, 4008, 'Debrecen', 'HB'),
(1303, 4009, 'Debrecen', 'HB'),
(1304, 4010, 'Debrecen', 'HB'),
(1305, 4011, 'Debrecen', 'HB'),
(1306, 4012, 'Debrecen', 'HB'),
(1307, 4013, 'Debrecen', 'HB'),
(1308, 4014, 'Debrecen', 'HB'),
(1309, 4015, 'Debrecen', 'HB'),
(1310, 4017, 'Debrecen', 'HB'),
(1311, 4021, 'Debrecen', 'HB'),
(1312, 4022, 'Debrecen', 'HB'),
(1313, 4024, 'Debrecen', 'HB'),
(1314, 4025, 'Debrecen', 'HB'),
(1315, 4026, 'Debrecen', 'HB'),
(1316, 4027, 'Debrecen', 'HB'),
(1317, 4028, 'Debrecen', 'HB'),
(1318, 4029, 'Debrecen', 'HB'),
(1319, 4030, 'Debrecen', 'HB'),
(1320, 4031, 'Debrecen', 'HB'),
(1321, 4032, 'Debrecen', 'HB'),
(1322, 4033, 'Debrecen', 'HB'),
(1323, 4034, 'Debrecen', 'HB'),
(1324, 4040, 'Debrecen', 'HB'),
(1325, 4041, 'Debrecen', 'HB'),
(1326, 4042, 'Debrecen', 'HB'),
(1327, 4044, 'Debrecen', 'HB'),
(1328, 4045, 'Debrecen', 'HB'),
(1329, 4046, 'Debrecen', 'HB'),
(1330, 4047, 'Debrecen', 'HB'),
(1331, 4048, 'Debrecen', 'HB'),
(1332, 4060, 'Balmazújváros', 'HB'),
(1333, 4063, 'Balmazújváros', 'HB'),
(1334, 4063, 'Debrecen', 'HB'),
(1335, 4064, 'Nagyhegyes', 'HB'),
(1336, 4065, 'Újszentmargita', 'HB'),
(1337, 4066, 'Tiszacsege', 'HB'),
(1338, 4067, 'Tiszacsege', 'HB'),
(1339, 4069, 'Egyek', 'HB'),
(1340, 4071, 'Hortobágy', 'HB'),
(1341, 4074, 'Tarnalelesz', 'HB'),
(1342, 4075, 'Görbeháza', 'HB'),
(1343, 4078, 'Görbeháza', 'HB'),
(1344, 4079, 'Görbeháza', 'HB'),
(1345, 4080, 'Hajdúnánás', 'HB'),
(1346, 4081, 'Hajdúnánás', 'HB'),
(1347, 4085, 'Hajdúnánás', 'HB'),
(1348, 4086, 'Hajdúnánás', 'HB'),
(1349, 4087, 'Hajdúdorog', 'HB'),
(1350, 4090, 'Polgár', 'HB'),
(1351, 4090, 'Folyás', 'HB'),
(1352, 4096, 'Újtikos', 'HB'),
(1353, 4097, 'Tiszagyulaháza', 'HB'),
(1354, 4100, 'Berettyóújfalu', 'HB'),
(1355, 4101, 'Berettyóújfalu', 'HB'),
(1356, 4103, 'Berettyóújfalu', 'HB'),
(1357, 4110, 'Biharkeresztes', 'HB'),
(1358, 4114, 'Bojt', 'HB'),
(1359, 4115, 'Ártánd', 'HB'),
(1360, 4116, 'Berekböszörmény', 'HB'),
(1361, 4117, 'Told', 'HB'),
(1362, 4118, 'Mezőpeterd', 'HB'),
(1363, 4119, 'Váncsod', 'HB'),
(1364, 4121, 'Szentpéterszeg', 'HB'),
(1365, 4122, 'Gáborján', 'HB'),
(1366, 4123, 'Hencida', 'HB'),
(1367, 4124, 'Esztár', 'HB'),
(1368, 4125, 'Pocsaj', 'HB'),
(1369, 4126, 'Kismarja', 'HB'),
(1370, 4127, 'Nagykereki', 'HB'),
(1371, 4128, 'Bedő', 'HB'),
(1372, 4130, 'Derecske', 'HB'),
(1373, 4131, 'Derecske', 'HB'),
(1374, 4132, 'Tépe', 'HB'),
(1375, 4133, 'Konyár', 'HB'),
(1376, 4134, 'Mezősas', 'HB'),
(1377, 4135, 'Körösszegapáti', 'HB'),
(1378, 4136, 'Körösszakál', 'HB'),
(1379, 4137, 'Magyarhomorog', 'HB'),
(1380, 4138, 'Komádi', 'HB'),
(1381, 4141, 'Furta', 'HB'),
(1382, 4142, 'Zsáka', 'HB'),
(1383, 4143, 'Vekerd', 'HB'),
(1384, 4144, 'Darvas', 'HB'),
(1385, 4145, 'Csökmő', 'HB'),
(1386, 4146, 'Újiráz', 'HB'),
(1387, 4150, 'Püspökladány', 'HB'),
(1388, 4151, 'Püspökladány', 'HB'),
(1389, 4152, 'Püspökladány', 'HB'),
(1390, 4155, 'Püspökladány', 'HB'),
(1391, 4161, 'Báránd', 'HB'),
(1392, 4162, 'Báránd', 'HB'),
(1393, 4163, 'Szerep', 'HB'),
(1394, 4164, 'Bakonszeg', 'HB'),
(1395, 4171, 'Sárrétudvari', 'HB'),
(1396, 4172, 'Biharnagybajom', 'HB'),
(1397, 4173, 'Nagyrábé', 'HB'),
(1398, 4174, 'Bihartorda', 'HB'),
(1399, 4175, 'Bihardancsháza', 'HB'),
(1400, 4176, 'Sáp', 'HB'),
(1401, 4177, 'Földes', 'HB'),
(1402, 4181, 'Nádudvar', 'HB'),
(1403, 4183, 'Kaba', 'HB'),
(1404, 4184, 'Tetétlen', 'HB'),
(1405, 4200, 'Hajdúszoboszló', 'HB'),
(1406, 4201, 'Hajdúszoboszló', 'HB'),
(1407, 4202, 'Hajdúszoboszló', 'HB'),
(1408, 4211, 'Ebes', 'HB'),
(1409, 4212, 'Hajdúszovát', 'HB'),
(1410, 4220, 'Hajdúböszörmény', 'HB'),
(1411, 4221, 'Hajdúböszörmény', 'HB'),
(1412, 4224, 'Hajdúböszörmény', 'HB'),
(1413, 4225, 'Hajdúböszörmény', 'HB'),
(1414, 4225, 'Debrecen', 'HB'),
(1415, 4231, 'Bököny', 'SZ'),
(1416, 4232, 'Geszteréd', 'SZ'),
(1417, 4233, 'Balkány', 'SZ'),
(1418, 4234, 'Szakoly', 'SZ'),
(1419, 4235, 'Biri', 'SZ'),
(1420, 4241, 'Bocskaikert', 'HB'),
(1421, 4242, 'Hajdúhadház', 'HB'),
(1422, 4243, 'Téglás', 'HB'),
(1423, 4244, 'Újfehértó', 'SZ'),
(1424, 4245, 'Érpatak', 'SZ'),
(1425, 4246, 'Érpatak', 'SZ'),
(1426, 4251, 'Hajdúsámson', 'HB'),
(1427, 4252, 'Hajdúsámson', 'HB'),
(1428, 4253, 'Hajdúsámson', 'HB'),
(1429, 4254, 'Nyíradony', 'HB'),
(1430, 4262, 'Nyíracsád', 'HB'),
(1431, 4263, 'Nyírmártonfalva', 'HB'),
(1432, 4264, 'Nyírábrány', 'HB'),
(1433, 4266, 'Fülöp', 'HB'),
(1434, 4267, 'Penészlek', 'SZ'),
(1435, 4271, 'Mikepércs', 'HB'),
(1436, 4272, 'Sáránd', 'HB'),
(1437, 4273, 'Hajdúbagos', 'HB'),
(1438, 4274, 'Hosszúpályi', 'HB'),
(1439, 4275, 'Monostorpályi', 'HB'),
(1440, 4281, 'Létavértes', 'HB'),
(1441, 4283, 'Létavértes', 'HB'),
(1442, 4284, 'Kokad', 'HB'),
(1443, 4285, 'Álmosd', 'HB'),
(1444, 4286, 'Bagamér', 'HB'),
(1445, 4287, 'Vámospércs', 'HB'),
(1446, 4288, 'Újléta', 'HB'),
(1447, 4300, 'Nyírbátor', 'SZ'),
(1448, 4301, 'Nyírbátor', 'SZ'),
(1449, 4311, 'Nyírgyulaj', 'SZ'),
(1450, 4320, 'Nagykálló', 'SZ'),
(1451, 4321, 'Nagykálló', 'SZ'),
(1452, 4324, 'Kállósemjén', 'SZ'),
(1453, 4325, 'Kisléta', 'SZ'),
(1454, 4326, 'Máriapócs', 'SZ'),
(1455, 4327, 'Pócspetri', 'SZ'),
(1456, 4331, 'Nyírcsászári', 'SZ'),
(1457, 4332, 'Nyírderzs', 'SZ'),
(1458, 4333, 'Nyírkáta', 'SZ'),
(1459, 4334, 'Hodász', 'SZ'),
(1460, 4335, 'Kántorjánosi', 'SZ'),
(1461, 4336, 'Őr', 'SZ'),
(1462, 4337, 'Jármi', 'SZ'),
(1463, 4338, 'Papos', 'SZ'),
(1464, 4341, 'Nyírvasvári', 'SZ'),
(1465, 4342, 'Terem', 'SZ'),
(1466, 4343, 'Bátorliget', 'SZ'),
(1467, 4351, 'Vállaj', 'SZ'),
(1468, 4352, 'Mérk', 'SZ'),
(1469, 4353, 'Tiborszállás', 'SZ'),
(1470, 4354, 'Fábiánháza', 'SZ'),
(1471, 4355, 'Nagyecsed', 'SZ'),
(1472, 4356, 'Nyírcsaholy', 'SZ'),
(1473, 4361, 'Nyírbogát', 'SZ'),
(1474, 4362, 'Nyírgelse', 'SZ'),
(1475, 4363, 'Nyírmihálydi', 'SZ'),
(1476, 4371, 'Nyírlugos', 'SZ'),
(1477, 4372, 'Nyírbéltek', 'SZ'),
(1478, 4373, 'Ömböly', 'SZ'),
(1479, 4374, 'Encsencs', 'SZ'),
(1480, 4375, 'Piricse', 'SZ'),
(1481, 4376, 'Nyírpilis', 'SZ'),
(1482, 4400, 'Nyíregyháza', 'SZ'),
(1483, 4401, 'Nyíregyháza', 'SZ'),
(1484, 4402, 'Nyíregyháza', 'SZ'),
(1485, 4403, 'Nyíregyháza', 'SZ'),
(1486, 4404, 'Nyíregyháza', 'SZ'),
(1487, 4405, 'Nyíregyháza', 'SZ'),
(1488, 4406, 'Nyíregyháza', 'SZ'),
(1489, 4407, 'Nyíregyháza', 'SZ'),
(1490, 4410, 'Nyíregyháza', 'SZ'),
(1491, 4411, 'Nyíregyháza', 'SZ'),
(1492, 4412, 'Nyíregyháza', 'SZ'),
(1493, 4413, 'Nyíregyháza', 'SZ'),
(1494, 4431, 'Nyíregyháza', 'SZ'),
(1495, 4432, 'Nyíregyháza', 'SZ'),
(1496, 4433, 'Nyíregyháza', 'SZ'),
(1497, 4434, 'Kálmánháza', 'SZ'),
(1498, 4435, 'Nyíregyháza', 'SZ'),
(1499, 4440, 'Tiszavasvári', 'SZ'),
(1500, 4441, 'Szorgalmatos', 'SZ'),
(1501, 4444, 'Szorgalmatos', 'SZ'),
(1502, 4445, 'Nagycserkesz', 'SZ'),
(1503, 4446, 'Nagycserkesz', 'SZ'),
(1504, 4447, 'Nagycserkesz', 'SZ'),
(1505, 4450, 'Tiszalök', 'SZ'),
(1506, 4455, 'Tiszadada', 'SZ'),
(1507, 4456, 'Tiszadob', 'SZ'),
(1508, 4461, 'Nyírtelek', 'SZ'),
(1509, 4463, 'Tiszanagyfalu', 'SZ'),
(1510, 4464, 'Tiszaeszlár', 'SZ'),
(1511, 4465, 'Rakamaz', 'SZ'),
(1512, 4466, 'Timár', 'SZ'),
(1513, 4467, 'Szabolcs', 'SZ'),
(1514, 4468, 'Balsa', 'SZ'),
(1515, 4471, 'Gávavencsellő', 'SZ'),
(1516, 4472, 'Gávavencsellő', 'SZ'),
(1517, 4474, 'Tiszabercel', 'SZ'),
(1518, 4475, 'Paszab', 'SZ'),
(1519, 4481, 'Paszab', 'SZ'),
(1520, 4482, 'Kótaj', 'SZ'),
(1521, 4483, 'Buj', 'SZ'),
(1522, 4484, 'Ibrány', 'SZ'),
(1523, 4485, 'Nagyhalász', 'SZ'),
(1524, 4486, 'Nagyhalász', 'SZ'),
(1525, 4487, 'Tiszatelek', 'SZ'),
(1526, 4488, 'Beszterec', 'SZ'),
(1527, 4491, 'Újdombrád', 'SZ'),
(1528, 4492, 'Dombrád', 'SZ'),
(1529, 4493, 'Tiszakanyár', 'SZ'),
(1530, 4494, 'Kékcse', 'SZ'),
(1531, 4495, 'Döge', 'SZ'),
(1532, 4496, 'Szabolcsveresmart', 'SZ'),
(1533, 4501, 'Kemecse', 'SZ'),
(1534, 4502, 'Vasmegyer', 'SZ'),
(1535, 4503, 'Tiszarád', 'SZ'),
(1536, 4511, 'Nyírbogdány', 'SZ'),
(1537, 4512, 'Nyírbogdány', 'SZ'),
(1538, 4515, 'Kék', 'SZ'),
(1539, 4516, 'Demecser', 'SZ'),
(1540, 4517, 'Gégény', 'SZ'),
(1541, 4521, 'Berkesz', 'SZ'),
(1542, 4522, 'Nyírtass', 'SZ'),
(1543, 4523, 'Pátroha', 'SZ'),
(1544, 4524, 'Ajak', 'SZ'),
(1545, 4525, 'Rétközberencs', 'SZ'),
(1546, 4531, 'Nyírpazony', 'SZ'),
(1547, 4532, 'Nyírtura', 'SZ'),
(1548, 4533, 'Sényő', 'SZ'),
(1549, 4534, 'Székely', 'SZ'),
(1550, 4535, 'Nyíribrony', 'SZ'),
(1551, 4536, 'Ramocsaháza', 'SZ'),
(1552, 4537, 'Nyírkércs', 'SZ'),
(1553, 4541, 'Nyírjákó', 'SZ'),
(1554, 4542, 'Petneháza', 'SZ'),
(1555, 4543, 'Laskod', 'SZ'),
(1556, 4544, 'Nyírkarász', 'SZ'),
(1557, 4545, 'Gyulaháza', 'SZ'),
(1558, 4546, 'Anarcs', 'SZ'),
(1559, 4547, 'Szabolcsbáka', 'SZ'),
(1560, 4551, 'Szabolcsbáka', 'SZ'),
(1561, 4552, 'Napkor', 'SZ'),
(1562, 4553, 'Apagy', 'SZ'),
(1563, 4554, 'Nyírtét', 'SZ'),
(1564, 4555, 'Levelek', 'SZ'),
(1565, 4556, 'Magy', 'SZ'),
(1566, 4557, 'Besenyőd', 'SZ'),
(1567, 4558, 'Ófehértó', 'SZ'),
(1568, 4561, 'Baktalórántháza', 'SZ'),
(1569, 4562, 'Vaja', 'SZ'),
(1570, 4563, 'Rohod', 'SZ'),
(1571, 4564, 'Nyírmada', 'SZ'),
(1572, 4565, 'Pusztadobos', 'SZ'),
(1573, 4566, 'Ilk', 'SZ'),
(1574, 4567, 'Gemzse', 'SZ'),
(1575, 4600, 'Kisvárda', 'SZ'),
(1576, 4601, 'Kisvárda', 'SZ'),
(1577, 4603, 'Kisvárda', 'SZ'),
(1578, 4611, 'Jéke', 'SZ'),
(1579, 4621, 'Fényeslitke', 'SZ'),
(1580, 4622, 'Komoró', 'SZ'),
(1581, 4623, 'Tuzsér', 'SZ'),
(1582, 4624, 'Tiszabezdéd', 'SZ'),
(1583, 4625, 'Győröcske', 'SZ'),
(1584, 4625, 'Záhony', 'SZ'),
(1585, 4627, 'Zsurk', 'SZ'),
(1586, 4628, 'Tiszaszentmárton', 'SZ'),
(1587, 4631, 'Pap', 'SZ'),
(1588, 4632, 'Nyírlövő', 'SZ'),
(1589, 4633, 'Lövőpetri', 'SZ'),
(1590, 4634, 'Aranyosapáti', 'SZ'),
(1591, 4635, 'Újkenéz', 'SZ'),
(1592, 4641, 'Mezőladány', 'SZ'),
(1593, 4642, 'Tornyospálca', 'SZ'),
(1594, 4643, 'Benk', 'SZ'),
(1595, 4644, 'Mándok', 'SZ'),
(1596, 4645, 'Tiszamogyorós', 'SZ'),
(1597, 4646, 'Eperjeske', 'SZ'),
(1598, 4700, 'Mátészalka', 'SZ'),
(1599, 4701, 'Mátészalka', 'SZ'),
(1600, 4702, 'Mátészalka', 'SZ'),
(1601, 4721, 'Szamoskér', 'SZ'),
(1602, 4722, 'Nyírmeggyes', 'SZ'),
(1603, 4731, 'Tunyogmatolcs', 'SZ'),
(1604, 4732, 'Cégénydányád', 'SZ'),
(1605, 4733, 'Gyügye', 'SZ'),
(1606, 4734, 'Szamosújlak', 'SZ'),
(1607, 4735, 'Hermánszeg', 'SZ'),
(1608, 4735, 'Szamossályi', 'SZ'),
(1609, 4737, 'Darnó', 'SZ'),
(1610, 4737, 'Kisnamény', 'SZ'),
(1611, 4741, 'Jánkmajtis', 'SZ'),
(1612, 4742, 'Csegöld', 'SZ');
INSERT INTO `telepules` (`id`, `irsz`, `telepules`, `megye`) VALUES
(1613, 4743, 'Csengersima', 'SZ'),
(1614, 4745, 'Szamosbecs', 'SZ'),
(1615, 4746, 'Szamostatárfalva', 'SZ'),
(1616, 4751, 'Kocsord', 'SZ'),
(1617, 4752, 'Győrtelek', 'SZ'),
(1618, 4754, 'Géberjén', 'SZ'),
(1619, 4754, 'Fülpösdaróc', 'SZ'),
(1620, 4755, 'Ököritófülpös', 'SZ'),
(1621, 4756, 'Rápolt', 'SZ'),
(1622, 4761, 'Porcsalma', 'SZ'),
(1623, 4762, 'Tyukod', 'SZ'),
(1624, 4763, 'Ura', 'SZ'),
(1625, 4764, 'Csengerújfalu', 'SZ'),
(1626, 4765, 'Komlódtótfalu', 'SZ'),
(1627, 4765, 'Csenger', 'SZ'),
(1628, 4766, 'Pátyod', 'SZ'),
(1629, 4767, 'Szamosangyalos', 'SZ'),
(1630, 4800, 'Vásárosnamény', 'SZ'),
(1631, 4801, 'Vásárosnamény', 'SZ'),
(1632, 4803, 'Vásárosnamény', 'SZ'),
(1633, 4804, 'Vásárosnamény', 'SZ'),
(1634, 4811, 'Kisvarsány', 'SZ'),
(1635, 4812, 'Nagyvarsány', 'SZ'),
(1636, 4813, 'Gyüre', 'SZ'),
(1637, 4821, 'Ópályi', 'SZ'),
(1638, 4822, 'Nyírparasznya', 'SZ'),
(1639, 4823, 'Nagydobos', 'SZ'),
(1640, 4824, 'Szamosszeg', 'SZ'),
(1641, 4826, 'Olcsva', 'SZ'),
(1642, 4831, 'Tiszaszalka', 'SZ'),
(1643, 4832, 'Tiszavid', 'SZ'),
(1644, 4833, 'Tiszaadony', 'SZ'),
(1645, 4834, 'Tiszakerecseny', 'SZ'),
(1646, 4835, 'Mátyus', 'SZ'),
(1647, 4836, 'Lónya', 'SZ'),
(1648, 4841, 'Jánd', 'SZ'),
(1649, 4842, 'Gulács', 'SZ'),
(1650, 4843, 'Hetefejércse', 'SZ'),
(1651, 4844, 'Csaroda', 'SZ'),
(1652, 4845, 'Tákos', 'SZ'),
(1653, 4900, 'Fehérgyarmat', 'SZ'),
(1654, 4901, 'Fehérgyarmat', 'SZ'),
(1655, 4911, 'Nábrád', 'SZ'),
(1656, 4912, 'Kérsemjén', 'SZ'),
(1657, 4913, 'Panyola', 'SZ'),
(1658, 4914, 'Olcsvaapáti', 'SZ'),
(1659, 4921, 'Tivadar', 'SZ'),
(1660, 4921, 'Kisar', 'SZ'),
(1661, 4922, 'Nagyar', 'SZ'),
(1662, 4931, 'Tarpa', 'SZ'),
(1663, 4932, 'Márokpapi', 'SZ'),
(1664, 4933, 'Beregsurány', 'SZ'),
(1665, 4934, 'Beregdaróc', 'SZ'),
(1666, 4935, 'Gelénes', 'SZ'),
(1667, 4936, 'Vámosatya', 'SZ'),
(1668, 4937, 'Barabás', 'SZ'),
(1669, 4941, 'Penyige', 'SZ'),
(1670, 4942, 'Mánd', 'SZ'),
(1671, 4942, 'Nemesborzova', 'SZ'),
(1672, 4943, 'Kömörő', 'SZ'),
(1673, 4944, 'Túristvándi', 'SZ'),
(1674, 4945, 'Szatmárcseke', 'SZ'),
(1675, 4946, 'Tiszakóród', 'SZ'),
(1676, 4947, 'Tiszacsécse', 'SZ'),
(1677, 4948, 'Milota', 'SZ'),
(1678, 4951, 'Tiszabecs', 'SZ'),
(1679, 4952, 'Uszka', 'SZ'),
(1680, 4953, 'Magosliget', 'SZ'),
(1681, 4954, 'Sonkád', 'SZ'),
(1682, 4955, 'Botpalád', 'SZ'),
(1683, 4956, 'Kispalád', 'SZ'),
(1684, 4961, 'Zsarolyán', 'SZ'),
(1685, 4962, 'Nagyszekeres', 'SZ'),
(1686, 4963, 'Kisszekeres', 'SZ'),
(1687, 4964, 'Fülesd', 'SZ'),
(1688, 4965, 'Kölcse', 'SZ'),
(1689, 4966, 'Vámosoroszi', 'SZ'),
(1690, 4967, 'Csaholc', 'SZ'),
(1691, 4968, 'Túrricse', 'SZ'),
(1692, 4969, 'Tisztaberek', 'SZ'),
(1693, 4971, 'Rozsály', 'SZ'),
(1694, 4972, 'Gacsály', 'SZ'),
(1695, 4973, 'Császló', 'SZ'),
(1696, 4974, 'Zajta', 'SZ'),
(1697, 4975, 'Méhtelek', 'SZ'),
(1698, 4976, 'Garbolc', 'SZ'),
(1699, 4977, 'Kishódos', 'SZ'),
(1700, 4977, 'Nagyhódos', 'SZ'),
(1701, 5000, 'Szolnok', 'JN'),
(1702, 5001, 'Szolnok', 'JN'),
(1703, 5002, 'Szolnok', 'JN'),
(1704, 5003, 'Szolnok', 'JN'),
(1705, 5004, 'Szolnok', 'JN'),
(1706, 5005, 'Szolnok', 'JN'),
(1707, 5006, 'Szolnok', 'JN'),
(1708, 5007, 'Szolnok', 'JN'),
(1709, 5008, 'Szolnok', 'JN'),
(1710, 5009, 'Szolnok', 'JN'),
(1711, 5051, 'Zagyvarékas', 'JN'),
(1712, 5052, 'Újszász', 'JN'),
(1713, 5053, 'Szászberek', 'JN'),
(1714, 5054, 'Jászalsószentgyörgy', 'JN'),
(1715, 5055, 'Jászladány', 'JN'),
(1716, 5061, 'Tiszasüly', 'JN'),
(1717, 5062, 'Kőtelek', 'JN'),
(1718, 5063, 'Hunyadfalva', 'JN'),
(1719, 5064, 'Csataszög', 'JN'),
(1720, 5065, 'Nagykörű', 'JN'),
(1721, 5071, 'Besenyszög', 'JN'),
(1722, 5081, 'Szajol', 'JN'),
(1723, 5082, 'Tiszatenyő', 'JN'),
(1724, 5083, 'Kengyel', 'JN'),
(1725, 5084, 'Rákócziújfalu', 'JN'),
(1726, 5085, 'Rákóczifalva', 'JN'),
(1727, 5091, 'Tószeg', 'JN'),
(1728, 5092, 'Tiszavárkony', 'JN'),
(1729, 5093, 'Vezseny', 'JN'),
(1730, 5094, 'Tiszajenő', 'JN'),
(1731, 5095, 'Tiszajenő', 'JN'),
(1732, 5100, 'Jászberény', 'JN'),
(1733, 5101, 'Jászberény', 'JN'),
(1734, 5102, 'Jászberény', 'JN'),
(1735, 5111, 'Jászfelsőszentgyörgy', 'JN'),
(1736, 5121, 'Jászjákóhalma', 'JN'),
(1737, 5122, 'Jászdózsa', 'JN'),
(1738, 5123, 'Jászárokszállás', 'JN'),
(1739, 5124, 'Jászágó', 'JN'),
(1740, 5125, 'Pusztamonostor', 'JN'),
(1741, 5126, 'Jászfényszaru', 'JN'),
(1742, 5130, 'Jászapáti', 'JN'),
(1743, 5131, 'Jászapáti', 'JN'),
(1744, 5135, 'Jászivány', 'JN'),
(1745, 5136, 'Jászszentandrás', 'JN'),
(1746, 5137, 'Jászkisér', 'JN'),
(1747, 5141, 'Jásztelek', 'JN'),
(1748, 5142, 'Alattyán', 'JN'),
(1749, 5143, 'Jánoshida', 'JN'),
(1750, 5144, 'Jászboldogháza', 'JN'),
(1751, 5152, 'Jászboldogháza', 'JN'),
(1752, 5200, 'Törökszentmiklós', 'JN'),
(1753, 5201, 'Törökszentmiklós', 'JN'),
(1754, 5211, 'Tiszapüspöki', 'JN'),
(1755, 5212, 'Tiszapüspöki', 'JN'),
(1756, 5213, 'Tiszapüspöki', 'JN'),
(1757, 5222, 'Örményes', 'JN'),
(1758, 5231, 'Fegyvernek', 'JN'),
(1759, 5232, 'Tiszabő', 'JN'),
(1760, 5233, 'Tiszagyenda', 'JN'),
(1761, 5234, 'Tiszaroff', 'JN'),
(1762, 5235, 'Tiszabura', 'JN'),
(1763, 5241, 'Abádszalók', 'JN'),
(1764, 5243, 'Tiszaderzs', 'JN'),
(1765, 5244, 'Tiszaszőlős', 'JN'),
(1766, 5300, 'Karcag', 'JN'),
(1767, 5301, 'Karcag', 'JN'),
(1768, 5302, 'Karcag', 'JN'),
(1769, 5309, 'Berekfürdő', 'JN'),
(1770, 5310, 'Kisújszállás', 'JN'),
(1771, 5311, 'Kisújszállás', 'JN'),
(1772, 5321, 'Kunmadaras', 'JN'),
(1773, 5322, 'Tiszaszentimre', 'JN'),
(1774, 5323, 'Tiszaszentimre', 'JN'),
(1775, 5324, 'Tomajmonostora', 'JN'),
(1776, 5331, 'Kenderes', 'JN'),
(1777, 5340, 'Kunhegyes', 'JN'),
(1778, 5341, 'Kunhegyes', 'JN'),
(1779, 5349, 'Kunhegyes', 'JN'),
(1780, 5350, 'Tiszafüred', 'JN'),
(1781, 5351, 'Tiszafüred', 'JN'),
(1782, 5358, 'Tiszafüred', 'JN'),
(1783, 5359, 'Tiszafüred', 'JN'),
(1784, 5361, 'Tiszaigar', 'JN'),
(1785, 5362, 'Tiszaörs', 'JN'),
(1786, 5363, 'Nagyiván', 'JN'),
(1787, 5400, 'Mezőtúr', 'JN'),
(1788, 5401, 'Mezőtúr', 'JN'),
(1789, 5403, 'Mezőtúr', 'JN'),
(1790, 5404, 'Mezőtúr', 'JN'),
(1791, 5411, 'Kétpó', 'JN'),
(1792, 5412, 'Kuncsorba', 'JN'),
(1793, 5420, 'Túrkeve', 'JN'),
(1794, 5421, 'Túrkeve', 'JN'),
(1795, 5430, 'Tiszaföldvár', 'JN'),
(1796, 5431, 'Tiszaföldvár', 'JN'),
(1797, 5432, 'Tiszaföldvár', 'JN'),
(1798, 5435, 'Martfű', 'JN'),
(1799, 5440, 'Kunszentmárton', 'JN'),
(1800, 5441, 'Kunszentmárton', 'JN'),
(1801, 5449, 'Kunszentmárton', 'JN'),
(1802, 5451, 'Öcsöd', 'JN'),
(1803, 5452, 'Mesterszállás', 'JN'),
(1804, 5453, 'Mezőhék', 'JN'),
(1805, 5461, 'Mezőhék', 'JN'),
(1806, 5462, 'Cibakháza', 'JN'),
(1807, 5463, 'Nagyrév', 'JN'),
(1808, 5464, 'Tiszainoka', 'JN'),
(1809, 5465, 'Cserkeszőlő', 'JN'),
(1810, 5471, 'Tiszakürt', 'JN'),
(1811, 5473, 'Tiszaug', 'JN'),
(1812, 5474, 'Tiszasas', 'JN'),
(1813, 5475, 'Csépa', 'JN'),
(1814, 5476, 'Szelevény', 'JN'),
(1815, 5500, 'Gyomaendrőd', 'BE'),
(1816, 5501, 'Gyomaendrőd', 'BE'),
(1817, 5502, 'Gyomaendrőd', 'BE'),
(1818, 5510, 'Dévaványa', 'BE'),
(1819, 5515, 'Ecsegfalva', 'BE'),
(1820, 5516, 'Körösladány', 'BE'),
(1821, 5520, 'Szeghalom', 'BE'),
(1822, 5521, 'Szeghalom', 'BE'),
(1823, 5525, 'Füzesgyarmat', 'BE'),
(1824, 5526, 'Kertészsziget', 'BE'),
(1825, 5527, 'Bucsa', 'BE'),
(1826, 5530, 'Vésztő', 'BE'),
(1827, 5534, 'Okány', 'BE'),
(1828, 5536, 'Körösújfalu', 'BE'),
(1829, 5537, 'Zsadány', 'BE'),
(1830, 5538, 'Biharugra', 'BE'),
(1831, 5539, 'Körösnagyharsány', 'BE'),
(1832, 5540, 'Szarvas', 'BE'),
(1833, 5541, 'Szarvas', 'BE'),
(1834, 5551, 'Csabacsűd', 'BE'),
(1835, 5552, 'Kardos', 'BE'),
(1836, 5553, 'Kondoros', 'BE'),
(1837, 5555, 'Hunya', 'BE'),
(1838, 5556, 'Örménykút', 'BE'),
(1839, 5561, 'Békésszentandrás', 'BE'),
(1840, 5600, 'Békéscsaba', 'BE'),
(1841, 5601, 'Békéscsaba', 'BE'),
(1842, 5602, 'Békéscsaba', 'BE'),
(1843, 5603, 'Békéscsaba', 'BE'),
(1844, 5604, 'Békéscsaba', 'BE'),
(1845, 5605, 'Békéscsaba', 'BE'),
(1846, 5609, 'Csabaszabadi', 'BE'),
(1847, 5621, 'Csárdaszállás', 'BE'),
(1848, 5622, 'Köröstarcsa', 'BE'),
(1849, 5623, 'Köröstarcsa', 'BE'),
(1850, 5624, 'Doboz', 'BE'),
(1851, 5630, 'Békés', 'BE'),
(1852, 5631, 'Békés', 'BE'),
(1853, 5641, 'Tarhos', 'BE'),
(1854, 5643, 'Bélmegyer', 'BE'),
(1855, 5650, 'Mezőberény', 'BE'),
(1856, 5661, 'Újkígyós', 'BE'),
(1857, 5662, 'Csanádapáca', 'BE'),
(1858, 5663, 'Medgyesbodzás', 'BE'),
(1859, 5664, 'Medgyesbodzás', 'BE'),
(1860, 5665, 'Pusztaottlaka', 'BE'),
(1861, 5666, 'Medgyesegyháza', 'BE'),
(1862, 5667, 'Magyarbánhegyes', 'BE'),
(1863, 5668, 'Nagybánhegyes', 'BE'),
(1864, 5671, 'Nagybánhegyes', 'BE'),
(1865, 5672, 'Murony', 'BE'),
(1866, 5673, 'Kamut', 'BE'),
(1867, 5674, 'Kétsoprony', 'BE'),
(1868, 5675, 'Telekgerendás', 'BE'),
(1869, 5700, 'Gyula', 'BE'),
(1870, 5701, 'Gyula', 'BE'),
(1871, 5702, 'Gyula', 'BE'),
(1872, 5703, 'Gyula', 'BE'),
(1873, 5711, 'Gyula', 'BE'),
(1874, 5712, 'Szabadkígyós', 'BE'),
(1875, 5720, 'Sarkad', 'BE'),
(1876, 5721, 'Sarkad', 'BE'),
(1877, 5722, 'Sarkad', 'BE'),
(1878, 5725, 'Kötegyán', 'BE'),
(1879, 5726, 'Méhkerék', 'BE'),
(1880, 5727, 'Újszalonta', 'BE'),
(1881, 5731, 'Sarkadkeresztúr', 'BE'),
(1882, 5732, 'Mezőgyán', 'BE'),
(1883, 5734, 'Geszt', 'BE'),
(1884, 5741, 'Kétegyháza', 'BE'),
(1885, 5742, 'Elek', 'BE'),
(1886, 5743, 'Lőkösháza', 'BE'),
(1887, 5744, 'Kevermes', 'BE'),
(1888, 5745, 'Dombiratos', 'BE'),
(1889, 5746, 'Kunágota', 'BE'),
(1890, 5747, 'Almáskamarás', 'BE'),
(1891, 5751, 'Nagykamarás', 'BE'),
(1892, 5752, 'Nagykamarás', 'BE'),
(1893, 5800, 'Mezőkovácsháza', 'BE'),
(1894, 5801, 'Mezőkovácsháza', 'BE'),
(1895, 5802, 'Mezőkovácsháza', 'BE'),
(1896, 5811, 'Végegyháza', 'BE'),
(1897, 5820, 'Mezőhegyes', 'BE'),
(1898, 5830, 'Battonya', 'BE'),
(1899, 5836, 'Dombegyház', 'BE'),
(1900, 5837, 'Kisdombegyház', 'BE'),
(1901, 5838, 'Magyardombegyház', 'BE'),
(1902, 5900, 'Orosháza', 'BE'),
(1903, 5901, 'Orosháza', 'BE'),
(1904, 5902, 'Orosháza', 'BE'),
(1905, 5903, 'Orosháza', 'BE'),
(1906, 5904, 'Orosháza', 'BE'),
(1907, 5905, 'Orosháza', 'BE'),
(1908, 5919, 'Pusztaföldvár', 'BE'),
(1909, 5920, 'Csorvás', 'BE'),
(1910, 5925, 'Gerendás', 'BE'),
(1911, 5931, 'Nagyszénás', 'BE'),
(1912, 5932, 'Gádoros', 'BE'),
(1913, 5940, 'Tótkomlós', 'BE'),
(1914, 5945, 'Kardoskút', 'BE'),
(1915, 5946, 'Békéssámson', 'BE'),
(1916, 5948, 'Kaszaper', 'BE'),
(1917, 6000, 'Kecskemét', 'BK'),
(1918, 6001, 'Kecskemét', 'BK'),
(1919, 6002, 'Kecskemét', 'BK'),
(1920, 6003, 'Kecskemét', 'BK'),
(1921, 6004, 'Kecskemét', 'BK'),
(1922, 6005, 'Kecskemét', 'BK'),
(1923, 6006, 'Kecskemét', 'BK'),
(1924, 6007, 'Kecskemét', 'BK'),
(1925, 6008, 'Kecskemét', 'BK'),
(1926, 6010, 'Kecskemét', 'BK'),
(1927, 6031, 'Szentkirály', 'BK'),
(1928, 6032, 'Nyárlőrinc', 'BK'),
(1929, 6033, 'Városföld', 'BK'),
(1930, 6034, 'Helvécia', 'BK'),
(1931, 6035, 'Ballószög', 'BK'),
(1932, 6041, 'Kerekegyháza', 'BK'),
(1933, 6042, 'Fülöpháza', 'BK'),
(1934, 6043, 'Kunbaracs', 'BK'),
(1935, 6044, 'Kunbaracs', 'BK'),
(1936, 6045, 'Ladánybene', 'BK'),
(1937, 6050, 'Lajosmizse', 'BK'),
(1938, 6055, 'Felsőlajos', 'BK'),
(1939, 6060, 'Tiszakécske', 'BK'),
(1940, 6061, 'Tiszakécske', 'BK'),
(1941, 6062, 'Tiszakécske', 'BK'),
(1942, 6063, 'Tiszakécske', 'BK'),
(1943, 6064, 'Tiszaug', 'BK'),
(1944, 6065, 'Lakitelek', 'BK'),
(1945, 6066, 'Tiszaalpár', 'BK'),
(1946, 6067, 'Tiszaalpár', 'BK'),
(1947, 6070, 'Izsák', 'BK'),
(1948, 6075, 'Páhi', 'BK'),
(1949, 6076, 'Ágasegyháza', 'BK'),
(1950, 6077, 'Orgovány', 'BK'),
(1951, 6078, 'Jakabszállás', 'BK'),
(1952, 6080, 'Szabadszállás', 'BK'),
(1953, 6085, 'Fülöpszállás', 'BK'),
(1954, 6086, 'Szalkszentmárton', 'BK'),
(1955, 6087, 'Dunavecse', 'BK'),
(1956, 6088, 'Apostag', 'BK'),
(1957, 6090, 'Kunszentmiklós', 'BK'),
(1958, 6093, 'Kunszentmiklós', 'BK'),
(1959, 6096, 'Kunpeszér', 'BK'),
(1960, 6097, 'Kunadacs', 'BK'),
(1961, 6098, 'Tass', 'BK'),
(1962, 6100, 'Kiskunfélegyháza', 'BK'),
(1963, 6101, 'Kiskunfélegyháza', 'BK'),
(1964, 6102, 'Kiskunfélegyháza', 'BK'),
(1965, 6111, 'Gátér', 'BK'),
(1966, 6112, 'Pálmonostora', 'BK'),
(1967, 6113, 'Petőfiszállás', 'BK'),
(1968, 6114, 'Bugac', 'BK'),
(1969, 6114, 'Bugacpusztaháza', 'BK'),
(1970, 6115, 'Kunszállás', 'BK'),
(1971, 6116, 'Fülöpjakab', 'BK'),
(1972, 6120, 'Kiskunmajsa', 'BK'),
(1973, 6131, 'Szank', 'BK'),
(1974, 6132, 'Móricgát', 'BK'),
(1975, 6133, 'Jászszentlászló', 'BK'),
(1976, 6134, 'Kömpöc', 'BK'),
(1977, 6135, 'Csólyospálos', 'BK'),
(1978, 6136, 'Harkakötöny', 'BK'),
(1979, 6200, 'Kiskőrös', 'BK'),
(1980, 6201, 'Kiskőrös', 'BK'),
(1981, 6211, 'Kaskantyú', 'BK'),
(1982, 6221, 'Akasztó', 'BK'),
(1983, 6222, 'Csengőd', 'BK'),
(1984, 6223, 'Soltszentimre', 'BK'),
(1985, 6224, 'Tabdi', 'BK'),
(1986, 6230, 'Soltvadkert', 'BK'),
(1987, 6235, 'Bócsa', 'BK'),
(1988, 6236, 'Tázlár', 'BK'),
(1989, 6237, 'Kecel', 'BK'),
(1990, 6238, 'Imrehegy', 'BK'),
(1991, 6239, 'Császártöltés', 'BK'),
(1992, 6300, 'Kalocsa', 'BK'),
(1993, 6301, 'Kalocsa', 'BK'),
(1994, 6311, 'Öregcsertő', 'BK'),
(1995, 6320, 'Solt', 'BK'),
(1996, 6321, 'Újsolt', 'BK'),
(1997, 6323, 'Dunaegyháza', 'BK'),
(1998, 6325, 'Dunatetétlen', 'BK'),
(1999, 6326, 'Harta', 'BK'),
(2000, 6327, 'Harta', 'BK'),
(2001, 6328, 'Dunapataj', 'BK'),
(2002, 6331, 'Foktő', 'BK'),
(2003, 6332, 'Uszód', 'BK'),
(2004, 6333, 'Dunaszentbenedek', 'BK'),
(2005, 6334, 'Géderlak', 'BK'),
(2006, 6335, 'Ordas', 'BK'),
(2007, 6336, 'Szakmár', 'BK'),
(2008, 6337, 'Újtelek', 'BK'),
(2009, 6341, 'Homokmégy', 'BK'),
(2010, 6342, 'Drágszél', 'BK'),
(2011, 6343, 'Miske', 'BK'),
(2012, 6344, 'Hajós', 'BK'),
(2013, 6345, 'Nemesnádudvar', 'BK'),
(2014, 6346, 'Sükösd', 'BK'),
(2015, 6347, 'Érsekcsanád', 'BK'),
(2016, 6348, 'Érsekhalma', 'BK'),
(2017, 6351, 'Bátya', 'BK'),
(2018, 6352, 'Fajsz', 'BK'),
(2019, 6353, 'Dusnok', 'BK'),
(2020, 6400, 'Kiskunhalas', 'BK'),
(2021, 6401, 'Kiskunhalas', 'BK'),
(2022, 6402, 'Kiskunhalas', 'BK'),
(2023, 6411, 'Zsana', 'BK'),
(2024, 6412, 'Balotaszállás', 'BK'),
(2025, 6413, 'Kunfehértó', 'BK'),
(2026, 6414, 'Pirtó', 'BK'),
(2027, 6421, 'Kisszállás', 'BK'),
(2028, 6422, 'Tompa', 'BK'),
(2029, 6423, 'Kelebia', 'BK'),
(2030, 6424, 'Csikéria', 'BK'),
(2031, 6425, 'Bácsszőlős', 'BK'),
(2032, 6430, 'Bácsalmás', 'BK'),
(2033, 6435, 'Kunbaja', 'BK'),
(2034, 6440, 'Jánoshalma', 'BK'),
(2035, 6444, 'Kéleshalom', 'BK'),
(2036, 6445, 'Borota', 'BK'),
(2037, 6446, 'Rém', 'BK'),
(2038, 6447, 'Felsőszentiván', 'BK'),
(2039, 6448, 'Csávoly', 'BK'),
(2040, 6449, 'Mélykút', 'BK'),
(2041, 6451, 'Tataháza', 'BK'),
(2042, 6452, 'Mátételke', 'BK'),
(2043, 6453, 'Bácsbokod', 'BK'),
(2044, 6454, 'Bácsborsód', 'BK'),
(2045, 6455, 'Katymár', 'BK'),
(2046, 6456, 'Madaras', 'BK'),
(2047, 6500, 'Baja', 'BK'),
(2048, 6501, 'Baja', 'BK'),
(2049, 6502, 'Baja', 'BK'),
(2050, 6503, 'Baja', 'BK'),
(2051, 6511, 'Bácsszentgyörgy', 'BK'),
(2052, 6512, 'Szeremle', 'BK'),
(2053, 6513, 'Dunafalva', 'BK'),
(2054, 6521, 'Vaskút', 'BK'),
(2055, 6522, 'Gara', 'BK'),
(2056, 6523, 'Csátalja', 'BK'),
(2057, 6524, 'Dávod', 'BK'),
(2058, 6525, 'Hercegszántó', 'BK'),
(2059, 6527, 'Nagybaracska', 'BK'),
(2060, 6528, 'Bátmonostor', 'BK'),
(2061, 6600, 'Szentes', 'CS'),
(2062, 6601, 'Szentes', 'CS'),
(2063, 6602, 'Szentes', 'CS'),
(2064, 6603, 'Szentes', 'CS'),
(2065, 6612, 'Nagytőke', 'CS'),
(2066, 6621, 'Derekegyház', 'CS'),
(2067, 6622, 'Nagymágocs', 'CS'),
(2068, 6623, 'Árpádhalom', 'CS'),
(2069, 6624, 'Eperjes', 'CS'),
(2070, 6625, 'Fábiánsebestyén', 'CS'),
(2071, 6630, 'Mindszent', 'CS'),
(2072, 6635, 'Szegvár', 'CS'),
(2073, 6636, 'Mártély', 'CS'),
(2074, 6640, 'Csongrád', 'CS'),
(2075, 6641, 'Csongrád', 'CS'),
(2076, 6642, 'Csongrád', 'CS'),
(2077, 6645, 'Felgyő', 'CS'),
(2078, 6646, 'Tömörkény', 'CS'),
(2079, 6647, 'Csanytelek', 'CS'),
(2080, 6648, 'Csanytelek', 'CS'),
(2081, 6700, 'Szeged', 'CS'),
(2082, 6701, 'Szeged', 'CS'),
(2083, 6702, 'Szeged', 'CS'),
(2084, 6703, 'Szeged', 'CS'),
(2085, 6704, 'Szeged', 'CS'),
(2086, 6705, 'Szeged', 'CS'),
(2087, 6706, 'Szeged', 'CS'),
(2088, 6707, 'Szeged', 'CS'),
(2089, 6708, 'Szeged', 'CS'),
(2090, 6709, 'Szeged', 'CS'),
(2091, 6710, 'Szeged', 'CS'),
(2092, 6712, 'Szeged', 'CS'),
(2093, 6713, 'Szeged', 'CS'),
(2094, 6717, 'Szeged', 'CS'),
(2095, 6718, 'Szeged', 'CS'),
(2096, 6719, 'Szeged', 'CS'),
(2097, 6720, 'Szeged', 'CS'),
(2098, 6721, 'Szeged', 'CS'),
(2099, 6722, 'Szeged', 'CS'),
(2100, 6723, 'Szeged', 'CS'),
(2101, 6724, 'Szeged', 'CS'),
(2102, 6725, 'Szeged', 'CS'),
(2103, 6726, 'Szeged', 'CS'),
(2104, 6727, 'Szeged', 'CS'),
(2105, 6728, 'Szeged', 'CS'),
(2106, 6729, 'Szeged', 'CS'),
(2107, 6740, 'Szeged', 'CS'),
(2108, 6741, 'Szeged', 'CS'),
(2109, 6742, 'Szeged', 'CS'),
(2110, 6743, 'Szeged', 'CS'),
(2111, 6744, 'Szeged', 'CS'),
(2112, 6745, 'Szeged', 'CS'),
(2113, 6746, 'Szeged', 'CS'),
(2114, 6747, 'Szeged', 'CS'),
(2115, 6748, 'Szeged', 'CS'),
(2116, 6750, 'Algyő', 'CS'),
(2117, 6750, 'Szeged', 'CS'),
(2118, 6753, 'Algyő', 'CS'),
(2119, 6753, 'Szeged', 'CS'),
(2120, 6754, 'Újszentiván', 'CS'),
(2121, 6755, 'Kübekháza', 'CS'),
(2122, 6756, 'Tiszasziget', 'CS'),
(2123, 6757, 'Tiszasziget', 'CS'),
(2124, 6757, 'Szeged', 'CS'),
(2125, 6758, 'Röszke', 'CS'),
(2126, 6760, 'Kistelek', 'CS'),
(2127, 6762, 'Sándorfalva', 'CS'),
(2128, 6763, 'Szatymaz', 'CS'),
(2129, 6764, 'Balástya', 'CS'),
(2130, 6765, 'Csengele', 'CS'),
(2131, 6766, 'Dóc', 'CS'),
(2132, 6767, 'Ópusztaszer', 'CS'),
(2133, 6768, 'Baks', 'CS'),
(2134, 6769, 'Pusztaszer', 'CS'),
(2135, 6771, 'Pusztaszer', 'CS'),
(2136, 6771, 'Szeged', 'CS'),
(2137, 6772, 'Deszk', 'CS'),
(2138, 6773, 'Klárafalva', 'CS'),
(2139, 6774, 'Ferencszállás', 'CS'),
(2140, 6775, 'Kiszombor', 'CS'),
(2141, 6781, 'Domaszék', 'CS'),
(2142, 6782, 'Mórahalom', 'CS'),
(2143, 6783, 'Ásotthalom', 'CS'),
(2144, 6784, 'Öttömös', 'CS'),
(2145, 6785, 'Pusztamérges', 'CS'),
(2146, 6786, 'Ruzsa', 'CS'),
(2147, 6787, 'Zákányszék', 'CS'),
(2148, 6791, 'Szeged', 'CS'),
(2149, 6791, 'Zákányszék', 'CS'),
(2150, 6792, 'Zsombó', 'CS'),
(2151, 6793, 'Forráskút', 'CS'),
(2152, 6794, 'Üllés', 'CS'),
(2153, 6795, 'Bordány', 'CS'),
(2154, 6800, 'Hódmezővásárhely', 'CS'),
(2155, 6801, 'Hódmezővásárhely', 'CS'),
(2156, 6802, 'Hódmezővásárhely', 'CS'),
(2157, 6803, 'Hódmezővásárhely', 'CS'),
(2158, 6804, 'Hódmezővásárhely', 'CS'),
(2159, 6806, 'Hódmezővásárhely', 'CS'),
(2160, 6808, 'Hódmezővásárhely', 'CS'),
(2161, 6811, 'Hódmezővásárhely', 'CS'),
(2162, 6821, 'Székkutas', 'CS'),
(2163, 6900, 'Makó', 'CS'),
(2164, 6901, 'Makó', 'CS'),
(2165, 6902, 'Makó', 'CS'),
(2166, 6903, 'Makó', 'CS'),
(2167, 6911, 'Királyhegyes', 'CS'),
(2168, 6912, 'Kövegy', 'CS'),
(2169, 6913, 'Csanádpalota', 'CS'),
(2170, 6914, 'Pitvaros', 'CS'),
(2171, 6915, 'Csanádalberti', 'CS'),
(2172, 6916, 'Ambrózfalva', 'CS'),
(2173, 6917, 'Nagyér', 'CS'),
(2174, 6921, 'Maroslele', 'CS'),
(2175, 6922, 'Földeák', 'CS'),
(2176, 6923, 'Óföldeák', 'CS'),
(2177, 6931, 'Apátfalva', 'CS'),
(2178, 6932, 'Magyarcsanád', 'CS'),
(2179, 6933, 'Nagylak', 'CS'),
(2180, 7000, 'Sárbogárd', 'FE'),
(2181, 7001, 'Sárbogárd', 'FE'),
(2182, 7002, 'Sárbogárd', 'FE'),
(2183, 7003, 'Sárbogárd', 'FE'),
(2184, 7011, 'Alap', 'FE'),
(2185, 7012, 'Alsószentiván', 'FE'),
(2186, 7013, 'Cece', 'FE'),
(2187, 7014, 'Sáregres', 'FE'),
(2188, 7015, 'Igar', 'FE'),
(2189, 7016, 'Igar', 'FE'),
(2190, 7017, 'Mezőszilas', 'FE'),
(2191, 7018, 'Mezőszilas', 'FE'),
(2192, 7019, 'Mezőszilas', 'FE'),
(2193, 7020, 'Dunaföldvár', 'TO'),
(2194, 7021, 'Dunaföldvár', 'TO'),
(2195, 7025, 'Bölcske', 'TO'),
(2196, 7026, 'Madocsa', 'TO'),
(2197, 7027, 'Madocsa', 'TO'),
(2198, 7030, 'Paks', 'TO'),
(2199, 7031, 'Paks', 'TO'),
(2200, 7032, 'Paks', 'TO'),
(2201, 7038, 'Pusztahencse', 'TO'),
(2202, 7039, 'Németkér', 'TO'),
(2203, 7041, 'Vajta', 'FE'),
(2204, 7042, 'Pálfa', 'TO'),
(2205, 7043, 'Bikács', 'TO'),
(2206, 7044, 'Nagydorog', 'TO'),
(2207, 7045, 'Györköny', 'TO'),
(2208, 7047, 'Sárszentlőrinc', 'TO'),
(2209, 7051, 'Kajdacs', 'TO'),
(2210, 7052, 'Kölesd', 'TO'),
(2211, 7054, 'Tengelic', 'TO'),
(2212, 7056, 'Szedres', 'TO'),
(2213, 7057, 'Medina', 'TO'),
(2214, 7061, 'Belecska', 'TO'),
(2215, 7062, 'Keszőhidegkút', 'TO'),
(2216, 7063, 'Szárazd', 'TO'),
(2217, 7064, 'Gyönk', 'TO'),
(2218, 7065, 'Miszla', 'TO'),
(2219, 7066, 'Udvari', 'TO'),
(2220, 7067, 'Varsád', 'TO'),
(2221, 7068, 'Kistormás', 'TO'),
(2222, 7071, 'Szakadát', 'TO'),
(2223, 7072, 'Diósberény', 'TO'),
(2224, 7081, 'Simontornya', 'TO'),
(2225, 7082, 'Kisszékely', 'TO'),
(2226, 7083, 'Tolnanémedi', 'TO'),
(2227, 7084, 'Pincehely', 'TO'),
(2228, 7085, 'Nagyszékely', 'TO'),
(2229, 7086, 'Ozora', 'TO'),
(2230, 7087, 'Fürged', 'TO'),
(2231, 7090, 'Tamási', 'TO'),
(2232, 7091, 'Tamási', 'TO'),
(2233, 7092, 'Nagykónyi', 'TO'),
(2234, 7093, 'Értény', 'TO'),
(2235, 7094, 'Koppányszántó', 'TO'),
(2236, 7095, 'Iregszemcse', 'TO'),
(2237, 7095, 'Újireg', 'TO'),
(2238, 7097, 'Nagyszokoly', 'TO'),
(2239, 7098, 'Magyarkeszi', 'TO'),
(2240, 7099, 'Felsőnyék', 'TO'),
(2241, 7100, 'Szekszárd', 'TO'),
(2242, 7101, 'Szekszárd', 'TO'),
(2243, 7102, 'Szekszárd', 'TO'),
(2244, 7103, 'Szekszárd', 'TO'),
(2245, 7121, 'Szálka', 'TO'),
(2246, 7122, 'Kakasd', 'TO'),
(2247, 7130, 'Tolna', 'TO'),
(2248, 7131, 'Tolna', 'TO'),
(2249, 7132, 'Bogyiszló', 'TO'),
(2250, 7133, 'Fadd', 'TO'),
(2251, 7134, 'Gerjen', 'TO'),
(2252, 7135, 'Dunaszentgyörgy', 'TO'),
(2253, 7136, 'Fácánkert', 'TO'),
(2254, 7140, 'Bátaszék', 'TO'),
(2255, 7142, 'Pörböly', 'TO'),
(2256, 7143, 'Őcsény', 'TO'),
(2257, 7144, 'Decs', 'TO'),
(2258, 7145, 'Sárpilis', 'TO'),
(2259, 7146, 'Várdomb', 'TO'),
(2260, 7147, 'Alsónána', 'TO'),
(2261, 7148, 'Alsónyék', 'TO'),
(2262, 7149, 'Báta', 'TO'),
(2263, 7150, 'Bonyhád', 'TO'),
(2264, 7151, 'Bonyhád', 'TO'),
(2265, 7153, 'Bonyhád', 'TO'),
(2266, 7158, 'Bonyhádvarasd', 'TO'),
(2267, 7159, 'Kisdorog', 'TO'),
(2268, 7161, 'Cikó', 'TO'),
(2269, 7162, 'Grábóc', 'TO'),
(2270, 7163, 'Mőcsény', 'TO'),
(2271, 7164, 'Bátaapáti', 'TO'),
(2272, 7165, 'Mórágy', 'TO'),
(2273, 7171, 'Sióagárd', 'TO'),
(2274, 7172, 'Harc', 'TO'),
(2275, 7173, 'Zomba', 'TO'),
(2276, 7174, 'Kéty', 'TO'),
(2277, 7175, 'Felsőnána', 'TO'),
(2278, 7176, 'Murga', 'TO'),
(2279, 7181, 'Tevel', 'TO'),
(2280, 7182, 'Závod', 'TO'),
(2281, 7183, 'Kisvejke', 'TO'),
(2282, 7184, 'Lengyel', 'BA'),
(2283, 7184, 'Szárász', 'TO'),
(2284, 7185, 'Mucsfa', 'TO'),
(2285, 7186, 'Aparhant', 'TO'),
(2286, 7186, 'Nagyvejke', 'TO'),
(2287, 7187, 'Nagyvejke', 'TO'),
(2288, 7188, 'Szárász', 'BA'),
(2289, 7191, 'Hőgyész', 'TO'),
(2290, 7192, 'Szakály', 'TO'),
(2291, 7193, 'Regöly', 'TO'),
(2292, 7194, 'Kalaznó', 'TO'),
(2293, 7195, 'Mucsi', 'TO'),
(2294, 7200, 'Dombóvár', 'TO'),
(2295, 7201, 'Dombóvár', 'TO'),
(2296, 7202, 'Dombóvár', 'TO'),
(2297, 7203, 'Dombóvár', 'TO'),
(2298, 7211, 'Dalmand', 'TO'),
(2299, 7212, 'Kocsola', 'TO'),
(2300, 7213, 'Szakcs', 'TO'),
(2301, 7214, 'Várong', 'TO'),
(2302, 7214, 'Lápafő', 'TO'),
(2303, 7215, 'Nak', 'TO'),
(2304, 7224, 'Dúzs', 'TO'),
(2305, 7225, 'Csibrák', 'TO'),
(2306, 7226, 'Kurd', 'TO'),
(2307, 7227, 'Gyulaj', 'TO'),
(2308, 7228, 'Döbrököz', 'TO'),
(2309, 7251, 'Kapospula', 'TO'),
(2310, 7252, 'Attala', 'TO'),
(2311, 7253, 'Csoma', 'SO'),
(2312, 7253, 'Szabadi', 'SO'),
(2313, 7255, 'Nagyberki', 'SO'),
(2314, 7256, 'Kercseliget', 'SO'),
(2315, 7257, 'Mosdós', 'SO'),
(2316, 7258, 'Kaposkeresztúr', 'SO'),
(2317, 7258, 'Baté', 'SO'),
(2318, 7261, 'Kaposhomok', 'SO'),
(2319, 7261, 'Taszár', 'SO'),
(2320, 7271, 'Fonó', 'SO'),
(2321, 7272, 'Gölle', 'SO'),
(2322, 7273, 'Büssü', 'SO'),
(2323, 7274, 'Kazsok', 'SO'),
(2324, 7275, 'Igal', 'SO'),
(2325, 7276, 'Somogyszil', 'SO'),
(2326, 7276, 'Gadács', 'SO'),
(2327, 7279, 'Kisgyalán', 'SO'),
(2328, 7281, 'Bonnya', 'SO'),
(2329, 7282, 'Kisbárapáti', 'SO'),
(2330, 7282, 'Fiad', 'SO'),
(2331, 7283, 'Somogyacsa', 'SO'),
(2332, 7284, 'Somogydöröcske', 'SO'),
(2333, 7285, 'Kára', 'SO'),
(2334, 7285, 'Szorosad', 'SO'),
(2335, 7285, 'Törökkoppány', 'SO'),
(2336, 7286, 'Miklósi', 'SO'),
(2337, 7300, 'Mecsekpölöske', 'BA'),
(2338, 7300, 'Komló', 'BA'),
(2339, 7301, 'Mecsekpölöske', 'BA'),
(2340, 7302, 'Mecsekpölöske', 'BA'),
(2341, 7303, 'Mecsekpölöske', 'BA'),
(2342, 7304, 'Mánfa', 'BA'),
(2343, 7305, 'Mánfa', 'BA'),
(2344, 7306, 'Mánfa', 'BA'),
(2345, 7309, 'Mánfa', 'BA'),
(2346, 7331, 'Liget', 'BA'),
(2347, 7332, 'Magyaregregy', 'BA'),
(2348, 7333, 'Kárász', 'BA'),
(2349, 7333, 'Vékény', 'BA'),
(2350, 7334, 'Köblény', 'BA'),
(2351, 7334, 'Szalatnak', 'BA'),
(2352, 7341, 'Csikóstőttős', 'TO'),
(2353, 7342, 'Mágocs', 'BA'),
(2354, 7343, 'Nagyhajmás', 'BA'),
(2355, 7344, 'Mekényes', 'BA'),
(2356, 7345, 'Alsómocsolád', 'BA'),
(2357, 7346, 'Bikal', 'BA'),
(2358, 7347, 'Egyházaskozár', 'BA'),
(2359, 7348, 'Tófű', 'BA'),
(2360, 7348, 'Hegyhátmaróc', 'BA'),
(2361, 7349, 'Szászvár', 'BA'),
(2362, 7351, 'Máza', 'BA'),
(2363, 7352, 'Györe', 'TO'),
(2364, 7353, 'Izmény', 'TO'),
(2365, 7354, 'Váralja', 'TO'),
(2366, 7355, 'Nagymányok', 'TO'),
(2367, 7356, 'Kismányok', 'TO'),
(2368, 7357, 'Jágónak', 'TO'),
(2369, 7361, 'Kaposszekcső', 'TO'),
(2370, 7362, 'Gerényes', 'BA'),
(2371, 7362, 'Vásárosdombó', 'BA'),
(2372, 7362, 'Tarrós', 'TO'),
(2373, 7362, 'Jágónak', 'TO'),
(2374, 7370, 'Felsőegerszeg', 'BA'),
(2375, 7370, 'Oroszló', 'BA'),
(2376, 7370, 'Palé', 'BA'),
(2377, 7370, 'Sásd', 'BA'),
(2378, 7370, 'Varga', 'BA'),
(2379, 7370, 'Vázsnok', 'BA'),
(2380, 7370, 'Meződ', 'BA'),
(2381, 7381, 'Ág', 'BA'),
(2382, 7381, 'Kisvaszar', 'BA'),
(2383, 7381, 'Tékes', 'BA'),
(2384, 7383, 'Baranyaszentgyörgy', 'BA'),
(2385, 7383, 'Tormás', 'BA'),
(2386, 7383, 'Szágy', 'BA'),
(2387, 7384, 'Baranyajenő', 'BA'),
(2388, 7385, 'Gödre', 'BA'),
(2389, 7386, 'Gödre', 'BA'),
(2390, 7391, 'Kisbeszterce', 'BA'),
(2391, 7391, 'Kishajmás', 'BA'),
(2392, 7391, 'Mindszentgodisa', 'BA'),
(2393, 7393, 'Bakóca', 'BA'),
(2394, 7394, 'Magyarhertelend', 'BA'),
(2395, 7394, 'Bodolyabér', 'BA'),
(2396, 7396, 'Magyarszék', 'BA'),
(2397, 7400, 'Kaposvár', 'SO'),
(2398, 7400, 'Orci', 'SO'),
(2399, 7400, 'Zselickislak', 'SO'),
(2400, 7401, 'Zselickislak', 'SO'),
(2401, 7402, 'Zselickislak', 'SO'),
(2402, 7403, 'Zselickislak', 'SO'),
(2403, 7404, 'Zselickislak', 'SO'),
(2404, 7405, 'Zselickislak', 'SO'),
(2405, 7406, 'Zselickislak', 'SO'),
(2406, 7407, 'Zselickislak', 'SO'),
(2407, 7408, 'Zselickislak', 'SO'),
(2408, 7409, 'Zselickislak', 'SO'),
(2409, 7431, 'Juta', 'SO'),
(2410, 7432, 'Csombárd', 'SO'),
(2411, 7432, 'Hetes', 'SO'),
(2412, 7434, 'Mezőcsokonya', 'SO'),
(2413, 7435, 'Somogysárd', 'SO'),
(2414, 7436, 'Újvárfalva', 'SO'),
(2415, 7439, 'Bodrog', 'SO'),
(2416, 7441, 'Magyaregres', 'SO'),
(2417, 7442, 'Várda', 'SO'),
(2418, 7443, 'Alsóbogát', 'SO'),
(2419, 7443, 'Somogyjád', 'SO'),
(2420, 7443, 'Edde', 'SO'),
(2421, 7444, 'Osztopán', 'SO'),
(2422, 7452, 'Somogyaszaló', 'SO'),
(2423, 7453, 'Mernye', 'SO'),
(2424, 7454, 'Somodor', 'SO'),
(2425, 7455, 'Somogygeszti', 'SO'),
(2426, 7456, 'Felsőmocsolád', 'SO'),
(2427, 7457, 'Ecseny', 'SO'),
(2428, 7458, 'Polány', 'SO'),
(2429, 7463, 'Magyaratád', 'SO'),
(2430, 7463, 'Patalom', 'SO'),
(2431, 7464, 'Ráksi', 'SO'),
(2432, 7465, 'Szentgáloskér', 'SO'),
(2433, 7471, 'Zimány', 'SO'),
(2434, 7472, 'Cserénfa', 'SO'),
(2435, 7472, 'Szentbalázs', 'SO'),
(2436, 7473, 'Gálosfa', 'SO'),
(2437, 7473, 'Kaposgyarmat', 'SO'),
(2438, 7473, 'Hajmás', 'SO'),
(2439, 7474, 'Zselicszentpál', 'SO'),
(2440, 7474, 'Simonfa', 'SO'),
(2441, 7475, 'Bőszénfa', 'SO'),
(2442, 7476, 'Kaposszerdahely', 'SO'),
(2443, 7477, 'Patca', 'SO'),
(2444, 7477, 'Szenna', 'SO'),
(2445, 7477, 'Zselickisfalud', 'SO'),
(2446, 7477, 'Szilvásszentmárton', 'SO'),
(2447, 7478, 'Bárdudvarnok', 'SO'),
(2448, 7479, 'Sántos', 'SO'),
(2449, 7500, 'Nagyatád', 'SO'),
(2450, 7501, 'Nagyatád', 'SO'),
(2451, 7511, 'Ötvöskónyi', 'SO'),
(2452, 7512, 'Mike', 'SO'),
(2453, 7513, 'Rinyaszentkirály', 'SO'),
(2454, 7514, 'Tarany', 'SO'),
(2455, 7515, 'Somogyudvarhely', 'SO'),
(2456, 7516, 'Berzence', 'SO'),
(2457, 7517, 'Bolhás', 'SO'),
(2458, 7521, 'Kaposmérő', 'SO'),
(2459, 7522, 'Kaposújlak', 'SO'),
(2460, 7523, 'Kisasszond', 'SO'),
(2461, 7523, 'Kaposfő', 'SO'),
(2462, 7524, 'Kiskorpád', 'SO'),
(2463, 7525, 'Jákó', 'SO'),
(2464, 7526, 'Csököly', 'SO'),
(2465, 7527, 'Rinyakovácsi', 'SO'),
(2466, 7527, 'Gige', 'SO'),
(2467, 7530, 'Kőkút', 'SO'),
(2468, 7530, 'Kadarkút', 'SO'),
(2469, 7532, 'Hencse', 'SO'),
(2470, 7533, 'Visnye', 'SO'),
(2471, 7533, 'Hedrehely', 'SO'),
(2472, 7535, 'Lad', 'SO'),
(2473, 7536, 'Patosfa', 'SO'),
(2474, 7537, 'Homokszentgyörgy', 'SO'),
(2475, 7538, 'Kálmáncsa', 'SO'),
(2476, 7539, 'Szulok', 'SO'),
(2477, 7541, 'Kutas', 'SO'),
(2478, 7542, 'Kisbajom', 'SO'),
(2479, 7543, 'Beleg', 'SO'),
(2480, 7544, 'Szabás', 'SO'),
(2481, 7545, 'Nagykorpád', 'SO'),
(2482, 7551, 'Lábod', 'SO'),
(2483, 7552, 'Rinyabesenyő', 'SO'),
(2484, 7553, 'Görgeteg', 'SO'),
(2485, 7555, 'Csokonyavisonta', 'SO'),
(2486, 7556, 'Rinyaújlak', 'SO'),
(2487, 7557, 'Rinyaújlak', 'SO'),
(2488, 7561, 'Nagybajom', 'SO'),
(2489, 7561, 'Pálmajor', 'SO'),
(2490, 7562, 'Segesd', 'SO'),
(2491, 7563, 'Somogyszob', 'SO'),
(2492, 7564, 'Kaszó', 'SO'),
(2493, 7570, 'Barcs', 'SO'),
(2494, 7571, 'Barcs', 'SO'),
(2495, 7582, 'Komlósd', 'SO'),
(2496, 7582, 'Péterhida', 'SO'),
(2497, 7584, 'Babócsa', 'SO'),
(2498, 7584, 'Rinyaújnép', 'SO'),
(2499, 7584, 'Somogyaracs', 'SO'),
(2500, 7585, 'Háromfa', 'SO'),
(2501, 7585, 'Bakháza', 'SO'),
(2502, 7586, 'Bolhó', 'SO'),
(2503, 7587, 'Heresznye', 'SO'),
(2504, 7588, 'Vízvár', 'SO'),
(2505, 7589, 'Bélavár', 'SO'),
(2506, 7600, 'Pécs', 'BA'),
(2507, 7601, 'Pécs', 'BA'),
(2508, 7602, 'Pécs', 'BA'),
(2509, 7603, 'Pécs', 'BA'),
(2510, 7604, 'Pécs', 'BA'),
(2511, 7605, 'Pécs', 'BA'),
(2512, 7606, 'Pécs', 'BA'),
(2513, 7607, 'Pécs', 'BA'),
(2514, 7608, 'Pécs', 'BA'),
(2515, 7610, 'Pécs', 'BA'),
(2516, 7611, 'Pécs', 'BA'),
(2517, 7612, 'Pécs', 'BA'),
(2518, 7613, 'Pécs', 'BA'),
(2519, 7614, 'Pécs', 'BA'),
(2520, 7615, 'Pécs', 'BA'),
(2521, 7616, 'Pécs', 'BA'),
(2522, 7617, 'Pécs', 'BA'),
(2523, 7618, 'Pécs', 'BA'),
(2524, 7619, 'Pécs', 'BA'),
(2525, 7621, 'Pécs', 'BA'),
(2526, 7622, 'Pécs', 'BA'),
(2527, 7623, 'Pécs', 'BA'),
(2528, 7624, 'Pécs', 'BA'),
(2529, 7625, 'Pécs', 'BA'),
(2530, 7626, 'Pécs', 'BA'),
(2531, 7627, 'Pécs', 'BA'),
(2532, 7628, 'Pécs', 'BA'),
(2533, 7629, 'Pécs', 'BA'),
(2534, 7630, 'Pécs', 'BA'),
(2535, 7631, 'Pécs', 'BA'),
(2536, 7632, 'Pécs', 'BA'),
(2537, 7633, 'Pécs', 'BA'),
(2538, 7634, 'Pécs', 'BA'),
(2539, 7635, 'Pécs', 'BA'),
(2540, 7636, 'Pécs', 'BA'),
(2541, 7639, 'Pécs', 'BA'),
(2542, 7643, 'Pécs', 'BA'),
(2543, 7644, 'Pécs', 'BA'),
(2544, 7645, 'Pécs', 'BA'),
(2545, 7646, 'Pécs', 'BA'),
(2546, 7647, 'Pécs', 'BA'),
(2547, 7648, 'Pécs', 'BA'),
(2548, 7650, 'Pécs', 'BA'),
(2549, 7661, 'Erzsébet', 'BA'),
(2550, 7661, 'Kékesd', 'BA'),
(2551, 7661, 'Kátoly', 'BA'),
(2552, 7661, 'Szellő', 'BA'),
(2553, 7663, 'Máriakéménd', 'BA'),
(2554, 7664, 'Berkesd', 'BA'),
(2555, 7664, 'Szilágy', 'BA'),
(2556, 7664, 'Pereked', 'BA'),
(2557, 7666, 'Pogány', 'BA'),
(2558, 7668, 'Gyód', 'BA'),
(2559, 7668, 'Keszü', 'BA'),
(2560, 7668, 'Kökény', 'BA'),
(2561, 7671, 'Bicsérd', 'BA'),
(2562, 7671, 'Zók', 'BA'),
(2563, 7671, 'Aranyosgadány', 'BA'),
(2564, 7672, 'Boda', 'BA'),
(2565, 7673, 'Kővágószőlős', 'BA'),
(2566, 7673, 'Cserkút', 'BA'),
(2567, 7675, 'Kővágótöttös', 'BA'),
(2568, 7675, 'Bakonya', 'BA'),
(2569, 7677, 'Orfű', 'BA'),
(2570, 7678, 'Abaliget', 'BA'),
(2571, 7678, 'Kovácsszénája', 'BA'),
(2572, 7678, 'Husztót', 'BA'),
(2573, 7681, 'Okorvölgy', 'BA'),
(2574, 7681, 'Hetvehely', 'BA'),
(2575, 7681, 'Szentkatalin', 'BA'),
(2576, 7682, 'Bükkösd', 'BA'),
(2577, 7683, 'Helesfa', 'BA'),
(2578, 7683, 'Dinnyeberki', 'BA'),
(2579, 7683, 'Cserdi', 'BA'),
(2580, 7691, 'Pécs', 'BA'),
(2581, 7691, 'Dinnyeberki', 'BA'),
(2582, 7693, 'Pécs', 'BA'),
(2583, 7693, 'Dinnyeberki', 'BA'),
(2584, 7694, 'Hosszúhetény', 'BA'),
(2585, 7695, 'Ófalu', 'BA'),
(2586, 7695, 'Mecseknádasd', 'BA'),
(2587, 7695, 'Óbánya', 'BA'),
(2588, 7696, 'Hidas', 'BA'),
(2589, 7700, 'Mohács', 'BA'),
(2590, 7701, 'Mohács', 'BA'),
(2591, 7702, 'Mohács', 'BA'),
(2592, 7711, 'Bár', 'BA'),
(2593, 7712, 'Dunaszekcső', 'BA'),
(2594, 7714, 'Dunaszekcső', 'BA'),
(2595, 7715, 'Dunaszekcső', 'BA'),
(2596, 7716, 'Homorúd', 'BA'),
(2597, 7717, 'Kölked', 'BA'),
(2598, 7718, 'Udvar', 'BA'),
(2599, 7720, 'Apátvarasd', 'BA'),
(2600, 7720, 'Martonfa', 'BA'),
(2601, 7720, 'Lovászhetény', 'BA'),
(2602, 7720, 'Zengővárkony', 'BA'),
(2603, 7720, 'Pécsvárad', 'BA'),
(2604, 7723, 'Erdősmecske', 'BA'),
(2605, 7724, 'Feked', 'BA'),
(2606, 7725, 'Szebény', 'BA'),
(2607, 7726, 'Véménd', 'BA'),
(2608, 7727, 'Palotabozsok', 'BA'),
(2609, 7728, 'Görcsönydoboka', 'BA'),
(2610, 7728, 'Somberek', 'BA'),
(2611, 7731, 'Nagypall', 'BA'),
(2612, 7732, 'Fazekasboda', 'BA'),
(2613, 7733, 'Maráza', 'BA'),
(2614, 7733, 'Geresdlak', 'BA'),
(2615, 7735, 'Szűr', 'BA'),
(2616, 7735, 'Erdősmárok', 'BA'),
(2617, 7735, 'Himesháza', 'BA'),
(2618, 7737, 'Székelyszabar', 'BA'),
(2619, 7741, 'Bogád', 'BA'),
(2620, 7741, 'Nagykozár', 'BA'),
(2621, 7741, 'Romonya', 'BA'),
(2622, 7742, 'Bogád', 'BA'),
(2623, 7743, 'Romonya', 'BA'),
(2624, 7744, 'Ellend', 'BA'),
(2625, 7745, 'Olasz', 'BA'),
(2626, 7745, 'Hásságy', 'BA'),
(2627, 7747, 'Belvárdgyula', 'BA'),
(2628, 7747, 'Birján', 'BA'),
(2629, 7751, 'Szederkény', 'BA'),
(2630, 7751, 'Monyoród', 'BA'),
(2631, 7752, 'Versend', 'BA'),
(2632, 7753, 'Szajk', 'BA'),
(2633, 7754, 'Bóly', 'BA'),
(2634, 7755, 'Töttös', 'BA'),
(2635, 7756, 'Borjád', 'BA'),
(2636, 7756, 'Pócsa', 'BA'),
(2637, 7756, 'Kisbudmér', 'BA'),
(2638, 7756, 'Nagybudmér', 'BA'),
(2639, 7757, 'Babarc', 'BA'),
(2640, 7757, 'Liptód', 'BA'),
(2641, 7759, 'Lánycsók', 'BA'),
(2642, 7759, 'Kisnyárád', 'BA'),
(2643, 7761, 'Lothárd', 'BA'),
(2644, 7761, 'Kozármisleny', 'BA'),
(2645, 7761, 'Magyarsarlós', 'BA'),
(2646, 7762, 'Pécsudvard', 'BA'),
(2647, 7763, 'Áta', 'BA'),
(2648, 7763, 'Szemely', 'BA'),
(2649, 7763, 'Egerág', 'BA'),
(2650, 7763, 'Szőkéd', 'BA'),
(2651, 7763, 'Kisherend', 'BA'),
(2652, 7766, 'Pécsdevecser', 'BA'),
(2653, 7766, 'Újpetre', 'BA'),
(2654, 7766, 'Peterd', 'BA'),
(2655, 7766, 'Kiskassa', 'BA'),
(2656, 7768, 'Kistótfalu', 'BA'),
(2657, 7768, 'Vokány', 'BA'),
(2658, 7771, 'Palkonya', 'BA'),
(2659, 7772, 'Ivánbattyán', 'BA'),
(2660, 7772, 'Villánykövesd', 'BA'),
(2661, 7773, 'Villány', 'BA'),
(2662, 7773, 'Kisjakabfalva', 'BA'),
(2663, 7774, 'Márok', 'BA'),
(2664, 7775, 'Illocska', 'BA'),
(2665, 7775, 'Magyarbóly', 'BA'),
(2666, 7775, 'Kislippó', 'BA'),
(2667, 7775, 'Lapáncsa', 'BA'),
(2668, 7781, 'Ivándárda', 'BA'),
(2669, 7781, 'Lippó', 'BA'),
(2670, 7781, 'Sárok', 'BA'),
(2671, 7782, 'Bezedek', 'BA'),
(2672, 7783, 'Majs', 'BA'),
(2673, 7784, 'Nagynyárád', 'BA'),
(2674, 7785, 'Sátorhely', 'BA'),
(2675, 7800, 'Kisharsány', 'BA'),
(2676, 7800, 'Siklós', 'BA'),
(2677, 7800, 'Nagytótfalu', 'BA'),
(2678, 7801, 'Nagytótfalu', 'BA'),
(2679, 7802, 'Nagytótfalu', 'BA'),
(2680, 7811, 'Bisse', 'BA'),
(2681, 7811, 'Szalánta', 'BA'),
(2682, 7811, 'Bosta', 'BA'),
(2683, 7811, 'Szilvás', 'BA'),
(2684, 7811, 'Csarnóta', 'BA'),
(2685, 7811, 'Túrony', 'BA'),
(2686, 7812, 'Garé', 'BA'),
(2687, 7813, 'Szava', 'BA'),
(2688, 7814, 'Babarcszőlős', 'BA'),
(2689, 7814, 'Ócsárd', 'BA'),
(2690, 7814, 'Kisdér', 'BA'),
(2691, 7814, 'Siklósbodony', 'BA'),
(2692, 7815, 'Harkány', 'BA'),
(2693, 7817, 'Rádfalva', 'BA'),
(2694, 7817, 'Diósviszló', 'BA'),
(2695, 7817, 'Márfa', 'BA'),
(2696, 7822, 'Nagyharsány', 'BA'),
(2697, 7823, 'Kistapolca', 'BA'),
(2698, 7823, 'Siklósnagyfalu', 'BA'),
(2699, 7824, 'Egyházasharaszti', 'BA'),
(2700, 7824, 'Old', 'BA'),
(2701, 7826, 'Alsószentmárton', 'BA'),
(2702, 7827, 'Kásád', 'BA'),
(2703, 7827, 'Beremend', 'BA'),
(2704, 7831, 'Pellérd', 'BA'),
(2705, 7833, 'Görcsöny', 'BA'),
(2706, 7833, 'Szőke', 'BA'),
(2707, 7833, 'Regenye', 'BA'),
(2708, 7834, 'Baksa', 'BA'),
(2709, 7834, 'Tengeri', 'BA'),
(2710, 7834, 'Téseny', 'BA'),
(2711, 7836, 'Bogádmindszent', 'BA'),
(2712, 7836, 'Ózdfalu', 'BA'),
(2713, 7837, 'Hegyszentmárton', 'BA'),
(2714, 7838, 'Nagycsány', 'BA'),
(2715, 7838, 'Hirics', 'BA'),
(2716, 7838, 'Piskó', 'BA'),
(2717, 7838, 'Besence', 'BA'),
(2718, 7838, 'Vajszló', 'BA'),
(2719, 7838, 'Lúzsok', 'BA'),
(2720, 7838, 'Páprád', 'BA'),
(2721, 7838, 'Vejti', 'BA'),
(2722, 7839, 'Kemse', 'BA'),
(2723, 7839, 'Zaláta', 'BA'),
(2724, 7841, 'Baranyahídvég', 'BA'),
(2725, 7841, 'Sámod', 'BA'),
(2726, 7841, 'Adorjás', 'BA'),
(2727, 7841, 'Kisszentmárton', 'BA'),
(2728, 7841, 'Kórós', 'BA'),
(2729, 7843, 'Cún', 'BA'),
(2730, 7843, 'Kémes', 'BA'),
(2731, 7843, 'Drávapiski', 'BA'),
(2732, 7843, 'Tésenfa', 'BA'),
(2733, 7843, 'Szaporca', 'BA'),
(2734, 7846, 'Drávacsepely', 'BA'),
(2735, 7847, 'Kovácshida', 'BA'),
(2736, 7847, 'Drávaszerdahely', 'BA'),
(2737, 7847, 'Ipacsfa', 'BA'),
(2738, 7849, 'Drávacsehi', 'BA'),
(2739, 7850, 'Drávapalkonya', 'BA'),
(2740, 7851, 'Drávapalkonya', 'BA'),
(2741, 7851, 'Drávacsehi', 'BA'),
(2742, 7851, 'Drávaszabolcs', 'BA'),
(2743, 7853, 'Gordisa', 'BA'),
(2744, 7854, 'Matty', 'BA'),
(2745, 7900, 'Botykapeterd', 'BA'),
(2746, 7900, 'Szigetvár', 'BA'),
(2747, 7900, 'Csertő', 'BA'),
(2748, 7901, 'Csertő', 'BA'),
(2749, 7912, 'Nyugotszenterzsébet', 'BA'),
(2750, 7912, 'Nagyváty', 'BA'),
(2751, 7912, 'Nagypeterd', 'BA'),
(2752, 7913, 'Szentdénes', 'BA'),
(2753, 7914, 'Katádfa', 'BA'),
(2754, 7914, 'Rózsafa', 'BA'),
(2755, 7914, 'Bánfa', 'BA'),
(2756, 7915, 'Szentegát', 'BA'),
(2757, 7915, 'Dencsháza', 'BA'),
(2758, 7918, 'Tótújfalu', 'SO'),
(2759, 7918, 'Szentborbás', 'SO'),
(2760, 7918, 'Lakócsa', 'SO'),
(2761, 7921, 'Somogyhatvan', 'BA'),
(2762, 7922, 'Basal', 'BA'),
(2763, 7922, 'Somogyapáti', 'BA'),
(2764, 7922, 'Somogyviszló', 'BA'),
(2765, 7922, 'Patapoklosi', 'BA'),
(2766, 7923, 'Basal', 'BA'),
(2767, 7924, 'Somogyviszló', 'BA'),
(2768, 7925, 'Magyarlukafa', 'BA'),
(2769, 7925, 'Somogyhárságy', 'BA'),
(2770, 7926, 'Vásárosbéc', 'BA'),
(2771, 7932, 'Almáskeresztúr', 'BA'),
(2772, 7932, 'Szulimán', 'BA'),
(2773, 7932, 'Mozsgó', 'BA'),
(2774, 7934, 'Almamellék', 'BA'),
(2775, 7935, 'Horváthertelend', 'BA'),
(2776, 7935, 'Csebény', 'BA'),
(2777, 7935, 'Ibafa', 'BA'),
(2778, 7936, 'Szentlászló', 'BA'),
(2779, 7937, 'Boldogasszonyfa', 'BA'),
(2780, 7940, 'Szentlőrinc', 'BA'),
(2781, 7940, 'Csonkamindszent', 'BA'),
(2782, 7940, 'Kacsóta', 'BA'),
(2783, 7951, 'Gerde', 'BA'),
(2784, 7951, 'Pécsbagota', 'BA'),
(2785, 7951, 'Szabadszentkirály', 'BA'),
(2786, 7951, 'Velény', 'BA'),
(2787, 7953, 'Királyegyháza', 'BA'),
(2788, 7954, 'Gilvánfa', 'BA'),
(2789, 7954, 'Magyartelek', 'BA'),
(2790, 7954, 'Gyöngyfa', 'BA'),
(2791, 7954, 'Kisasszonyfa', 'BA'),
(2792, 7954, 'Magyarmecske', 'BA'),
(2793, 7957, 'Okorág', 'BA'),
(2794, 7958, 'Kákics', 'BA'),
(2795, 7960, 'Marócsa', 'BA'),
(2796, 7960, 'Drávaiványi', 'BA'),
(2797, 7960, 'Sellye', 'BA'),
(2798, 7960, 'Drávasztára', 'BA'),
(2799, 7960, 'Sósvertike', 'BA'),
(2800, 7960, 'Sumony', 'BA'),
(2801, 7964, 'Csányoszró', 'BA'),
(2802, 7966, 'Bogdása', 'BA'),
(2803, 7967, 'Markóc', 'BA'),
(2804, 7967, 'Drávafok', 'BA'),
(2805, 7967, 'Drávakeresztúr', 'BA'),
(2806, 7968, 'Felsőszentmárton', 'BA'),
(2807, 7971, 'Hobol', 'BA'),
(2808, 7972, 'Gyöngyösmellék', 'BA'),
(2809, 7972, 'Pettend', 'BA'),
(2810, 7973, 'Bürüs', 'BA'),
(2811, 7973, 'Teklafalu', 'BA'),
(2812, 7973, 'Endrőc', 'BA'),
(2813, 7973, 'Várad', 'BA'),
(2814, 7975, 'Kétújfalu', 'BA'),
(2815, 7976, 'Zádor', 'BA'),
(2816, 7976, 'Szörény', 'BA'),
(2817, 7977, 'Drávagárdony', 'SO'),
(2818, 7977, 'Potony', 'SO'),
(2819, 7977, 'Kastélyosdombó', 'SO'),
(2820, 7979, 'Drávatamási', 'SO'),
(2821, 7980, 'Pettend', 'BA'),
(2822, 7981, 'Kistamási', 'BA'),
(2823, 7981, 'Merenye', 'BA'),
(2824, 7981, 'Tótszentgyörgy', 'BA'),
(2825, 7981, 'Molvány', 'BA'),
(2826, 7981, 'Nemeske', 'BA'),
(2827, 7985, 'Kisdobsza', 'BA'),
(2828, 7985, 'Nagydobsza', 'BA'),
(2829, 7987, 'Istvándi', 'SO'),
(2830, 7988, 'Darány', 'SO'),
(2831, 8000, 'Székesfehérvár', 'FE'),
(2832, 8001, 'Székesfehérvár', 'FE'),
(2833, 8002, 'Székesfehérvár', 'FE'),
(2834, 8003, 'Székesfehérvár', 'FE'),
(2835, 8004, 'Székesfehérvár', 'FE'),
(2836, 8005, 'Székesfehérvár', 'FE'),
(2837, 8006, 'Székesfehérvár', 'FE'),
(2838, 8007, 'Székesfehérvár', 'FE'),
(2839, 8008, 'Székesfehérvár', 'FE'),
(2840, 8011, 'Székesfehérvár', 'FE'),
(2841, 8019, 'Székesfehérvár', 'FE'),
(2842, 8020, 'Székesfehérvár', 'FE'),
(2843, 8041, 'Csór', 'FE'),
(2844, 8042, 'Moha', 'FE'),
(2845, 8043, 'Iszkaszentgyörgy', 'FE'),
(2846, 8044, 'Kincsesbánya', 'FE'),
(2847, 8045, 'Isztimér', 'FE'),
(2848, 8046, 'Bakonykúti', 'FE'),
(2849, 8051, 'Sárkeresztes', 'FE'),
(2850, 8052, 'Fehérvárcsurgó', 'FE'),
(2851, 8053, 'Bodajk', 'FE'),
(2852, 8054, 'Bodajk', 'FE'),
(2853, 8055, 'Balinka', 'FE'),
(2854, 8056, 'Bakonycsernye', 'FE'),
(2855, 8060, 'Mór', 'FE'),
(2856, 8061, 'Mór', 'FE'),
(2857, 8062, 'Mór', 'FE'),
(2858, 8065, 'Nagyveleg', 'FE'),
(2859, 8066, 'Pusztavám', 'FE'),
(2860, 8071, 'Magyaralmás', 'FE'),
(2861, 8072, 'Söréd', 'FE'),
(2862, 8073, 'Csákberény', 'FE'),
(2863, 8074, 'Csókakő', 'FE'),
(2864, 8080, 'Bodmér', 'FE'),
(2865, 8081, 'Zámoly', 'FE'),
(2866, 8082, 'Gánt', 'FE'),
(2867, 8083, 'Csákvár', 'FE'),
(2868, 8084, 'Csákvár', 'FE'),
(2869, 8085, 'Vértesboglár', 'FE'),
(2870, 8086, 'Felcsút', 'FE'),
(2871, 8087, 'Alcsútdoboz', 'FE'),
(2872, 8088, 'Tabajd', 'FE'),
(2873, 8089, 'Vértesacsa', 'FE'),
(2874, 8092, 'Pátka', 'FE'),
(2875, 8093, 'Lovasberény', 'FE'),
(2876, 8095, 'Pákozd', 'FE'),
(2877, 8096, 'Sukoró', 'FE'),
(2878, 8097, 'Nadap', 'FE'),
(2879, 8100, 'Várpalota', 'VE'),
(2880, 8101, 'Várpalota', 'VE'),
(2881, 8102, 'Várpalota', 'VE'),
(2882, 8103, 'Várpalota', 'VE'),
(2883, 8104, 'Várpalota', 'VE'),
(2884, 8105, 'Pétfürdő', 'VE'),
(2885, 8109, 'Tés', 'VE'),
(2886, 8111, 'Seregélyes', 'FE'),
(2887, 8112, 'Zichyújfalu', 'FE'),
(2888, 8121, 'Tác', 'FE'),
(2889, 8122, 'Csősz', 'FE'),
(2890, 8123, 'Soponya', 'FE'),
(2891, 8124, 'Káloz', 'FE'),
(2892, 8125, 'Sárkeresztúr', 'FE'),
(2893, 8126, 'Sárszentágota', 'FE'),
(2894, 8127, 'Aba', 'FE'),
(2895, 8130, 'Enying', 'FE'),
(2896, 8131, 'Enying', 'FE'),
(2897, 8132, 'Lepsény', 'FE'),
(2898, 8133, 'Mezőszentgyörgy', 'FE'),
(2899, 8134, 'Mátyásdomb', 'FE'),
(2900, 8135, 'Dég', 'FE'),
(2901, 8136, 'Lajoskomárom', 'FE'),
(2902, 8137, 'Mezőkomárom', 'FE'),
(2903, 8138, 'Szabadhídvég', 'FE'),
(2904, 8142, 'Úrhida', 'FE'),
(2905, 8143, 'Sárszentmihály', 'FE'),
(2906, 8144, 'Sárkeszi', 'FE'),
(2907, 8145, 'Nádasdladány', 'FE'),
(2908, 8146, 'Jenő', 'FE'),
(2909, 8151, 'Szabadbattyán', 'FE'),
(2910, 8152, 'Kőszárhegy', 'FE'),
(2911, 8153, 'Kőszárhegy', 'FE'),
(2912, 8154, 'Polgárdi', 'FE'),
(2913, 8156, 'Kisláng', 'FE'),
(2914, 8157, 'Füle', 'FE'),
(2915, 8161, 'Ősi', 'VE'),
(2916, 8162, 'Küngös', 'VE'),
(2917, 8163, 'Csajág', 'VE'),
(2918, 8164, 'Balatonfőkajár', 'VE'),
(2919, 8171, 'Balatonvilágos', 'VE'),
(2920, 8172, 'Balatonvilágos', 'VE'),
(2921, 8173, 'Balatonvilágos', 'VE'),
(2922, 8174, 'Balatonkenese', 'VE'),
(2923, 8175, 'Balatonfűzfő', 'VE'),
(2924, 8181, 'Berhida', 'VE'),
(2925, 8182, 'Berhida', 'VE'),
(2926, 8183, 'Papkeszi', 'VE'),
(2927, 8184, 'Papkeszi', 'VE'),
(2928, 8191, 'Öskü', 'VE'),
(2929, 8192, 'Hajmáskér', 'VE'),
(2930, 8193, 'Sóly', 'VE'),
(2931, 8194, 'Vilonya', 'VE'),
(2932, 8195, 'Királyszentistván', 'VE'),
(2933, 8196, 'Litér', 'VE'),
(2934, 8200, 'Veszprém', 'VE'),
(2935, 8201, 'Veszprém', 'VE'),
(2936, 8202, 'Veszprém', 'VE'),
(2937, 8204, 'Veszprém', 'VE'),
(2938, 8205, 'Veszprém', 'VE'),
(2939, 8206, 'Veszprém', 'VE'),
(2940, 8207, 'Veszprém', 'VE'),
(2941, 8220, 'Balatonalmádi', 'VE'),
(2942, 8221, 'Balatonalmádi', 'VE'),
(2943, 8222, 'Balatonalmádi', 'VE'),
(2944, 8225, 'Szentkirályszabadja', 'VE'),
(2945, 8226, 'Alsóörs', 'VE'),
(2946, 8227, 'Felsőörs', 'VE'),
(2947, 8228, 'Lovas', 'VE'),
(2948, 8229, 'Csopak', 'VE'),
(2949, 8229, 'Paloznak', 'VE'),
(2950, 8230, 'Balatonfüred', 'VE'),
(2951, 8230, 'Balatonszőlős', 'VE'),
(2952, 8231, 'Balatonszőlős', 'VE'),
(2953, 8232, 'Balatonszőlős', 'VE'),
(2954, 8233, 'Balatonszőlős', 'VE'),
(2955, 8236, 'Balatonszőlős', 'VE'),
(2956, 8237, 'Tihany', 'VE'),
(2957, 8241, 'Aszófő', 'VE'),
(2958, 8242, 'Örvényes', 'VE'),
(2959, 8242, 'Balatonudvari', 'VE'),
(2960, 8243, 'Balatonakali', 'VE'),
(2961, 8244, 'Dörgicse', 'VE'),
(2962, 8245, 'Pécsely', 'VE'),
(2963, 8245, 'Vászoly', 'VE'),
(2964, 8246, 'Tótvázsony', 'VE'),
(2965, 8247, 'Hidegkút', 'VE'),
(2966, 8248, 'Veszprémfajsz', 'VE'),
(2967, 8248, 'Nemesvámos', 'VE'),
(2968, 8251, 'Zánka', 'VE'),
(2969, 8252, 'Balatonszepezd', 'VE'),
(2970, 8253, 'Révfülöp', 'VE'),
(2971, 8254, 'Kővágóörs', 'VE'),
(2972, 8254, 'Kékkút', 'VE'),
(2973, 8255, 'Balatonrendes', 'VE'),
(2974, 8256, 'Salföld', 'VE'),
(2975, 8256, 'Ábrahámhegy', 'VE'),
(2976, 8257, 'Salföld', 'VE'),
(2977, 8258, 'Badacsonytomaj', 'VE'),
(2978, 8261, 'Badacsonytomaj', 'VE'),
(2979, 8263, 'Badacsonytördemic', 'VE'),
(2980, 8264, 'Szigliget', 'VE'),
(2981, 8265, 'Hegymagas', 'VE'),
(2982, 8271, 'Mencshely', 'VE'),
(2983, 8272, 'Balatoncsicsó', 'VE'),
(2984, 8272, 'Szentjakabfa', 'VE'),
(2985, 8272, 'Szentantalfa', 'VE'),
(2986, 8272, 'Óbudavár', 'VE'),
(2987, 8272, 'Tagyon', 'VE'),
(2988, 8273, 'Monoszló', 'VE'),
(2989, 8274, 'Köveskál', 'VE'),
(2990, 8275, 'Balatonhenye', 'VE'),
(2991, 8281, 'Szentbékkálla', 'VE'),
(2992, 8282, 'Mindszentkálla', 'VE'),
(2993, 8283, 'Káptalantóti', 'VE'),
(2994, 8284, 'Kisapáti', 'VE'),
(2995, 8284, 'Nemesgulács', 'VE'),
(2996, 8286, 'Gyulakeszi', 'VE'),
(2997, 8291, 'Vöröstó', 'VE'),
(2998, 8291, 'Barnag', 'VE'),
(2999, 8291, 'Nagyvázsony', 'VE'),
(3000, 8291, 'Pula', 'VE'),
(3001, 8292, 'Öcs', 'VE'),
(3002, 8294, 'Kapolcs', 'VE'),
(3003, 8294, 'Vigántpetend', 'VE'),
(3004, 8295, 'Taliándörögd', 'VE'),
(3005, 8296, 'Hegyesd', 'VE'),
(3006, 8296, 'Monostorapáti', 'VE'),
(3007, 8297, 'Hegyesd', 'VE'),
(3008, 8300, 'Raposka', 'VE'),
(3009, 8300, 'Tapolca', 'VE'),
(3010, 8301, 'Raposka', 'VE'),
(3011, 8302, 'Raposka', 'VE'),
(3012, 8303, 'Raposka', 'VE'),
(3013, 8308, 'Zalahaláp', 'VE'),
(3014, 8308, 'Sáska', 'VE'),
(3015, 8311, 'Nemesvita', 'VE'),
(3016, 8312, 'Balatonederics', 'VE'),
(3017, 8313, 'Balatongyörök', 'ZA'),
(3018, 8314, 'Vonyarcvashegy', 'ZA'),
(3019, 8315, 'Gyenesdiás', 'ZA'),
(3020, 8316, 'Vállus', 'ZA'),
(3021, 8316, 'Várvölgy', 'ZA'),
(3022, 8318, 'Lesencefalu', 'VE'),
(3023, 8318, 'Lesencetomaj', 'VE'),
(3024, 8319, 'Lesenceistvánd', 'VE'),
(3025, 8321, 'Uzsa', 'VE'),
(3026, 8330, 'Sümeg', 'VE'),
(3027, 8331, 'Sümeg', 'VE'),
(3028, 8341, 'Szalapa', 'ZA'),
(3029, 8341, 'Kisvásárhely', 'ZA'),
(3030, 8341, 'Mihályfa', 'ZA'),
(3031, 8342, 'Óhíd', 'ZA'),
(3032, 8344, 'Hetyefő', 'VE'),
(3033, 8344, 'Zalaerdőd', 'VE'),
(3034, 8345, 'Dabronc', 'VE'),
(3035, 8346, 'Gógánfa', 'VE'),
(3036, 8347, 'Ukk', 'VE'),
(3037, 8348, 'Megyer', 'VE'),
(3038, 8348, 'Zalameggyes', 'VE'),
(3039, 8348, 'Rigács', 'VE'),
(3040, 8349, 'Zalagyömörő', 'VE'),
(3041, 8351, 'Sümegprága', 'VE'),
(3042, 8352, 'Bazsi', 'VE'),
(3043, 8353, 'Vindornyalak', 'ZA'),
(3044, 8353, 'Zalaszántó', 'ZA'),
(3045, 8354, 'Karmacs', 'ZA'),
(3046, 8354, 'Zalaköveskút', 'ZA'),
(3047, 8354, 'Vindornyafok', 'ZA'),
(3048, 8355, 'Vindornyaszőlős', 'ZA'),
(3049, 8356, 'Nagygörbő', 'ZA'),
(3050, 8356, 'Kisgörbő', 'ZA'),
(3051, 8357, 'Döbröce', 'ZA'),
(3052, 8357, 'Sümegcsehi', 'ZA'),
(3053, 8360, 'Keszthely', 'ZA'),
(3054, 8361, 'Keszthely', 'ZA'),
(3055, 8362, 'Keszthely', 'ZA'),
(3056, 8363, 'Keszthely', 'ZA'),
(3057, 8364, 'Keszthely', 'ZA'),
(3058, 8371, 'Nemesbük', 'ZA'),
(3059, 8372, 'Cserszegtomaj', 'ZA'),
(3060, 8373, 'Rezi', 'ZA'),
(3061, 8380, 'Felsőpáhok', 'ZA'),
(3062, 8380, 'Hévíz', 'ZA'),
(3063, 8381, 'Felsőpáhok', 'ZA'),
(3064, 8391, 'Sármellék', 'ZA'),
(3065, 8392, 'Zalavár', 'ZA'),
(3066, 8393, 'Szentgyörgyvár', 'ZA'),
(3067, 8394, 'Alsópáhok', 'ZA'),
(3068, 8400, 'Ajka', 'VE'),
(3069, 8401, 'Ajka', 'VE'),
(3070, 8403, 'Ajka', 'VE'),
(3071, 8404, 'Ajka', 'VE'),
(3072, 8408, 'Ajka', 'VE'),
(3073, 8409, 'Úrkút', 'VE'),
(3074, 8411, 'Úrkút', 'VE'),
(3075, 8412, 'Úrkút', 'VE'),
(3076, 8413, 'Eplény', 'VE'),
(3077, 8414, 'Olaszfalu', 'VE'),
(3078, 8415, 'Nagyesztergár', 'VE'),
(3079, 8416, 'Dudar', 'VE'),
(3080, 8417, 'Csetény', 'VE'),
(3081, 8418, 'Bakonyoszlop', 'VE'),
(3082, 8419, 'Csesznek', 'VE'),
(3083, 8420, 'Zirc', 'VE'),
(3084, 8422, 'Bakonynána', 'VE'),
(3085, 8423, 'Szápár', 'VE'),
(3086, 8424, 'Jásd', 'VE'),
(3087, 8425, 'Lókút', 'VE'),
(3088, 8426, 'Pénzesgyőr', 'VE'),
(3089, 8427, 'Bakonybél', 'VE'),
(3090, 8428, 'Borzavár', 'VE'),
(3091, 8429, 'Porva', 'VE'),
(3092, 8430, 'Bakonyszentkirály', 'VE'),
(3093, 8431, 'Bakonyszentlászló', 'VE'),
(3094, 8432, 'Fenyőfő', 'VE'),
(3095, 8433, 'Bakonygyirót', 'VE'),
(3096, 8434, 'Románd', 'VE'),
(3097, 8435, 'Gic', 'VE'),
(3098, 8436, 'Bakonypéterd', 'VE'),
(3099, 8437, 'Lázi', 'VE'),
(3100, 8438, 'Veszprémvarsány', 'VE'),
(3101, 8439, 'Sikátor', 'VE'),
(3102, 8440, 'Herend', 'VE'),
(3103, 8441, 'Márkó', 'VE'),
(3104, 8442, 'Hárskút', 'VE'),
(3105, 8443, 'Bánd', 'VE'),
(3106, 8444, 'Szentgál', 'VE'),
(3107, 8445, 'Csehbánya', 'VE'),
(3108, 8445, 'Városlőd', 'VE'),
(3109, 8446, 'Kislőd', 'VE'),
(3110, 8447, 'Kislőd', 'VE'),
(3111, 8448, 'Kislőd', 'VE'),
(3112, 8449, 'Magyarpolány', 'VE'),
(3113, 8451, 'Magyarpolány', 'VE'),
(3114, 8452, 'Halimba', 'VE'),
(3115, 8452, 'Szőc', 'VE'),
(3116, 8454, 'Nyirád', 'VE'),
(3117, 8455, 'Pusztamiske', 'VE'),
(3118, 8456, 'Noszlop', 'VE'),
(3119, 8457, 'Bakonypölöske', 'VE'),
(3120, 8458, 'Oroszi', 'VE'),
(3121, 8460, 'Devecser', 'VE'),
(3122, 8461, 'Devecser', 'VE'),
(3123, 8468, 'Kolontár', 'VE'),
(3124, 8469, 'Kamond', 'VE'),
(3125, 8471, 'Nemeshany', 'VE'),
(3126, 8471, 'Káptalanfa', 'VE'),
(3127, 8471, 'Bodorfa', 'VE'),
(3128, 8473, 'Gyepükaján', 'VE'),
(3129, 8474, 'Csabrendek', 'VE'),
(3130, 8475, 'Hosztót', 'VE'),
(3131, 8475, 'Veszprémgalsa', 'VE'),
(3132, 8475, 'Szentimrefalva', 'VE'),
(3133, 8476, 'Zalaszegvár', 'VE'),
(3134, 8477, 'Apácatorna', 'VE'),
(3135, 8477, 'Tüskevár', 'VE'),
(3136, 8477, 'Kisberzseny', 'VE'),
(3137, 8478, 'Somlójenő', 'VE'),
(3138, 8479, 'Borszörcsök', 'VE'),
(3139, 8481, 'Somlóvásárhely', 'VE'),
(3140, 8482, 'Doba', 'VE'),
(3141, 8483, 'Kisszőlős', 'VE'),
(3142, 8483, 'Somlószőlős', 'VE'),
(3143, 8484, 'Vid', 'VE'),
(3144, 8484, 'Somlóvecse', 'VE'),
(3145, 8484, 'Nagyalásony', 'VE'),
(3146, 8485, 'Dabrony', 'VE'),
(3147, 8491, 'Karakószörcsök', 'VE'),
(3148, 8492, 'Kerta', 'VE'),
(3149, 8493, 'Iszkáz', 'VE'),
(3150, 8494, 'Kiscsősz', 'VE'),
(3151, 8495, 'Csögle', 'VE'),
(3152, 8496, 'Kispirit', 'VE'),
(3153, 8496, 'Nagypirit', 'VE'),
(3154, 8497, 'Adorjánháza', 'VE'),
(3155, 8497, 'Egeralja', 'VE'),
(3156, 8500, 'Pápa', 'VE'),
(3157, 8501, 'Pápa', 'VE'),
(3158, 8502, 'Pápa', 'VE'),
(3159, 8503, 'Pápa', 'VE'),
(3160, 8505, 'Pápa', 'VE'),
(3161, 8510, 'Pápa', 'VE'),
(3162, 8511, 'Pápa', 'VE'),
(3163, 8512, 'Nyárád', 'VE'),
(3164, 8513, 'Mihályháza', 'VE'),
(3165, 8514, 'Mezőlak', 'VE'),
(3166, 8515, 'Békás', 'VE'),
(3167, 8516, 'Kemeneshőgyész', 'VE'),
(3168, 8517, 'Magyargencs', 'VE'),
(3169, 8518, 'Kemenesszentpéter', 'VE'),
(3170, 8521, 'Nagyacsád', 'VE'),
(3171, 8522, 'Nemesgörzsöny', 'VE'),
(3172, 8523, 'Egyházaskesző', 'VE'),
(3173, 8523, 'Várkesző', 'VE'),
(3174, 8531, 'Várkesző', 'VE'),
(3175, 8532, 'Marcaltő', 'VE'),
(3176, 8533, 'Malomsok', 'VE'),
(3177, 8534, 'Csikvánd', 'GS'),
(3178, 8541, 'Takácsi', 'VE'),
(3179, 8542, 'Vaszar', 'VE'),
(3180, 8543, 'Gecse', 'VE'),
(3181, 8544, 'Szerecseny', 'GS'),
(3182, 8545, 'Gyarmat', 'GS'),
(3183, 8551, 'Nagygyimót', 'VE'),
(3184, 8552, 'Vanyola', 'VE'),
(3185, 8553, 'Lovászpatona', 'VE'),
(3186, 8554, 'Nagydém', 'VE'),
(3187, 8555, 'Bakonytamási', 'VE'),
(3188, 8556, 'Pápateszér', 'VE'),
(3189, 8557, 'Bakonyság', 'VE'),
(3190, 8557, 'Bakonyszentiván', 'VE'),
(3191, 8558, 'Csót', 'VE'),
(3192, 8561, 'Adásztevel', 'VE'),
(3193, 8562, 'Nagytevel', 'VE'),
(3194, 8563, 'Homokbödöge', 'VE'),
(3195, 8564, 'Ugod', 'VE'),
(3196, 8565, 'Béb', 'VE'),
(3197, 8571, 'Bakonykoppány', 'VE'),
(3198, 8572, 'Bakonyszücs', 'VE'),
(3199, 8581, 'Németbánya', 'VE'),
(3200, 8581, 'Bakonyjákó', 'VE'),
(3201, 8582, 'Farkasgyepű', 'VE'),
(3202, 8591, 'Farkasgyepű', 'VE'),
(3203, 8591, 'Nóráp', 'VE'),
(3204, 8592, 'Dáka', 'VE'),
(3205, 8593, 'Pápadereske', 'VE'),
(3206, 8594, 'Pápasalamon', 'VE'),
(3207, 8595, 'Kup', 'VE'),
(3208, 8596, 'Pápakovácsi', 'VE'),
(3209, 8597, 'Ganna', 'VE'),
(3210, 8597, 'Döbrönte', 'VE'),
(3211, 8598, 'Döbrönte', 'VE'),
(3212, 8600, 'Siófok', 'SO'),
(3213, 8601, 'Siófok', 'SO'),
(3214, 8602, 'Siófok', 'SO'),
(3215, 8604, 'Siófok', 'SO'),
(3216, 8609, 'Siófok', 'SO'),
(3217, 8611, 'Siófok', 'SO'),
(3218, 8612, 'Nyim', 'SO'),
(3219, 8613, 'Balatonendréd', 'SO'),
(3220, 8614, 'Bálványos', 'SO'),
(3221, 8617, 'Kőröshegy', 'SO'),
(3222, 8618, 'Kereki', 'SO'),
(3223, 8619, 'Pusztaszemes', 'SO'),
(3224, 8621, 'Zamárdi', 'SO'),
(3225, 8622, 'Szántód', 'SO'),
(3226, 8623, 'Balatonföldvár', 'SO'),
(3227, 8624, 'Balatonszárszó', 'SO'),
(3228, 8625, 'Szólád', 'SO'),
(3229, 8626, 'Teleki', 'SO'),
(3230, 8627, 'Kötcse', 'SO'),
(3231, 8628, 'Nagycsepely', 'SO'),
(3232, 8630, 'Balatonboglár', 'SO'),
(3233, 8631, 'Balatonboglár', 'SO'),
(3234, 8634, 'Balatonboglár', 'SO'),
(3235, 8635, 'Ordacsehi', 'SO'),
(3236, 8636, 'Balatonszemes', 'SO'),
(3237, 8637, 'Balatonőszöd', 'SO'),
(3238, 8638, 'Balatonlelle', 'SO'),
(3239, 8640, 'Fonyód', 'SO'),
(3240, 8641, 'Birján', 'SO'),
(3241, 8642, 'Birján', 'SO'),
(3242, 8644, 'Birján', 'SO'),
(3243, 8646, 'Balatonfenyves', 'SO'),
(3244, 8647, 'Balatonmáriafürdő', 'SO'),
(3245, 8647, 'Balatonkeresztúr', 'SO'),
(3246, 8648, 'Balatonkeresztúr', 'SO'),
(3247, 8649, 'Balatonberény', 'SO'),
(3248, 8651, 'Balatonszabadi', 'SO'),
(3249, 8652, 'Siójut', 'SO');
INSERT INTO `telepules` (`id`, `irsz`, `telepules`, `megye`) VALUES
(3250, 8653, 'Ádánd', 'SO'),
(3251, 8654, 'Ságvár', 'SO'),
(3252, 8655, 'Som', 'SO'),
(3253, 8656, 'Nagyberény', 'SO'),
(3254, 8658, 'Bábonymegyer', 'SO'),
(3255, 8660, 'Tab', 'SO'),
(3256, 8660, 'Zala', 'SO'),
(3257, 8660, 'Torvaj', 'SO'),
(3258, 8660, 'Sérsekszőlős', 'SO'),
(3259, 8660, 'Lulla', 'SO'),
(3260, 8666, 'Bedegkér', 'SO'),
(3261, 8666, 'Somogyegres', 'SO'),
(3262, 8667, 'Kánya', 'SO'),
(3263, 8668, 'Tengőd', 'SO'),
(3264, 8669, 'Miklósi', 'SO'),
(3265, 8671, 'Kapoly', 'SO'),
(3266, 8672, 'Zics', 'SO'),
(3267, 8673, 'Somogymeggyes', 'SO'),
(3268, 8674, 'Nágocs', 'SO'),
(3269, 8675, 'Andocs', 'SO'),
(3270, 8676, 'Karád', 'SO'),
(3271, 8681, 'Visz', 'SO'),
(3272, 8681, 'Látrány', 'SO'),
(3273, 8683, 'Somogytúr', 'SO'),
(3274, 8684, 'Somogybabod', 'SO'),
(3275, 8685, 'Gamás', 'SO'),
(3276, 8691, 'Gamás', 'SO'),
(3277, 8692, 'Gyugy', 'SO'),
(3278, 8692, 'Szőlősgyörök', 'SO'),
(3279, 8693, 'Kisberény', 'SO'),
(3280, 8693, 'Lengyeltóti', 'SO'),
(3281, 8694, 'Hács', 'SO'),
(3282, 8695, 'Buzsák', 'SO'),
(3283, 8696, 'Táska', 'SO'),
(3284, 8697, 'Öreglak', 'SO'),
(3285, 8698, 'Pamuk', 'SO'),
(3286, 8698, 'Somogyvár', 'SO'),
(3287, 8699, 'Somogyvámos', 'SO'),
(3288, 8700, 'Csömend', 'SO'),
(3289, 8700, 'Marcali', 'SO'),
(3290, 8701, 'Csömend', 'SO'),
(3291, 8705, 'Somogyszentpál', 'SO'),
(3292, 8706, 'Nikla', 'SO'),
(3293, 8707, 'Pusztakovácsi', 'SO'),
(3294, 8707, 'Libickozma', 'SO'),
(3295, 8708, 'Somogyfajsz', 'SO'),
(3296, 8709, 'Somogyfajsz', 'SO'),
(3297, 8710, 'Balatonszentgyörgy', 'SO'),
(3298, 8711, 'Vörs', 'SO'),
(3299, 8712, 'Balatonújlak', 'SO'),
(3300, 8713, 'Kéthely', 'SO'),
(3301, 8714, 'Kéthely', 'SO'),
(3302, 8714, 'Kelevíz', 'SO'),
(3303, 8716, 'Gadány', 'SO'),
(3304, 8716, 'Mesztegnyő', 'SO'),
(3305, 8716, 'Hosszúvíz', 'SO'),
(3306, 8717, 'Szenyér', 'SO'),
(3307, 8717, 'Nemeskisfalud', 'SO'),
(3308, 8718, 'Tapsony', 'SO'),
(3309, 8719, 'Böhönye', 'SO'),
(3310, 8721, 'Vése', 'SO'),
(3311, 8722, 'Nemesdéd', 'SO'),
(3312, 8723, 'Varászló', 'SO'),
(3313, 8724, 'Inke', 'SO'),
(3314, 8725, 'Iharosberény', 'SO'),
(3315, 8726, 'Somogycsicsó', 'SO'),
(3316, 8726, 'Iharos', 'SO'),
(3317, 8728, 'Pogányszentpéter', 'SO'),
(3318, 8731, 'Hollád', 'SO'),
(3319, 8731, 'Tikos', 'SO'),
(3320, 8732, 'Főnyed', 'SO'),
(3321, 8732, 'Sávoly', 'SO'),
(3322, 8732, 'Szegerdő', 'SO'),
(3323, 8733, 'Somogysámson', 'SO'),
(3324, 8734, 'Somogyzsitfa', 'SO'),
(3325, 8735, 'Csákány', 'SO'),
(3326, 8736, 'Szőkedencs', 'SO'),
(3327, 8737, 'Somogysimonyi', 'SO'),
(3328, 8738, 'Nemesvid', 'SO'),
(3329, 8739, 'Nagyszakácsi', 'SO'),
(3330, 8741, 'Zalaapáti', 'ZA'),
(3331, 8741, 'Bókaháza', 'ZA'),
(3332, 8742, 'Esztergályhorváti', 'ZA'),
(3333, 8743, 'Zalaszabar', 'ZA'),
(3334, 8744, 'Orosztony', 'ZA'),
(3335, 8745, 'Kerecseny', 'ZA'),
(3336, 8746, 'Nagyrada', 'ZA'),
(3337, 8747, 'Garabonc', 'ZA'),
(3338, 8747, 'Zalamerenye', 'ZA'),
(3339, 8749, 'Zalakaros', 'ZA'),
(3340, 8751, 'Zalakomár', 'ZA'),
(3341, 8752, 'Zalakomár', 'ZA'),
(3342, 8753, 'Balatonmagyaród', 'ZA'),
(3343, 8754, 'Galambok', 'ZA'),
(3344, 8756, 'Kisrécse', 'ZA'),
(3345, 8756, 'Csapi', 'ZA'),
(3346, 8756, 'Zalasárszeg', 'ZA'),
(3347, 8756, 'Nagyrécse', 'ZA'),
(3348, 8761, 'Zalaigrice', 'ZA'),
(3349, 8761, 'Pacsa', 'ZA'),
(3350, 8762, 'Gétye', 'ZA'),
(3351, 8762, 'Szentpéterúr', 'ZA'),
(3352, 8764, 'Dióskál', 'ZA'),
(3353, 8764, 'Zalaszentmárton', 'ZA'),
(3354, 8765, 'Egeraracsa', 'ZA'),
(3355, 8767, 'Pötréte', 'ZA'),
(3356, 8767, 'Felsőrajk', 'ZA'),
(3357, 8767, 'Alsórajk', 'ZA'),
(3358, 8771, 'Hahót', 'ZA'),
(3359, 8772, 'Zalaszentbalázs', 'ZA'),
(3360, 8772, 'Börzönce', 'ZA'),
(3361, 8773, 'Pölöskefő', 'ZA'),
(3362, 8773, 'Kacorlak', 'ZA'),
(3363, 8774, 'Kilimán', 'ZA'),
(3364, 8774, 'Gelse', 'ZA'),
(3365, 8774, 'Gelsesziget', 'ZA'),
(3366, 8776, 'Magyarszerdahely', 'ZA'),
(3367, 8776, 'Bocska', 'ZA'),
(3368, 8776, 'Magyarszentmiklós', 'ZA'),
(3369, 8777, 'Fűzvölgy', 'ZA'),
(3370, 8777, 'Homokkomárom', 'ZA'),
(3371, 8777, 'Hosszúvölgy', 'ZA'),
(3372, 8778, 'Újudvar', 'ZA'),
(3373, 8782, 'Ligetfalva', 'ZA'),
(3374, 8782, 'Zalacsány', 'ZA'),
(3375, 8782, 'Tilaj', 'ZA'),
(3376, 8784, 'Kehidakustány', 'ZA'),
(3377, 8785, 'Kallósd', 'ZA'),
(3378, 8785, 'Kehidakustány', 'ZA'),
(3379, 8788, 'Zalaszentlászló', 'ZA'),
(3380, 8788, 'Sénye', 'ZA'),
(3381, 8789, 'Sénye', 'ZA'),
(3382, 8790, 'Zalaszentgrót', 'ZA'),
(3383, 8792, 'Zalavég', 'ZA'),
(3384, 8793, 'Zalavég', 'ZA'),
(3385, 8795, 'Zalavég', 'ZA'),
(3386, 8796, 'Türje', 'ZA'),
(3387, 8797, 'Batyk', 'ZA'),
(3388, 8798, 'Zalabér', 'ZA'),
(3389, 8799, 'Dötk', 'ZA'),
(3390, 8799, 'Pakod', 'ZA'),
(3391, 8800, 'Nagykanizsa', 'ZA'),
(3392, 8801, 'Nagykanizsa', 'ZA'),
(3393, 8802, 'Nagykanizsa', 'ZA'),
(3394, 8803, 'Nagykanizsa', 'ZA'),
(3395, 8804, 'Nagykanizsa', 'ZA'),
(3396, 8808, 'Nagykanizsa', 'ZA'),
(3397, 8809, 'Nagykanizsa', 'ZA'),
(3398, 8821, 'Nagybakónak', 'ZA'),
(3399, 8822, 'Zalaújlak', 'ZA'),
(3400, 8824, 'Sand', 'ZA'),
(3401, 8825, 'Miháld', 'ZA'),
(3402, 8825, 'Pat', 'ZA'),
(3403, 8827, 'Zalaszentjakab', 'ZA'),
(3404, 8831, 'Zalaszentjakab', 'ZA'),
(3405, 8831, 'Liszó', 'ZA'),
(3406, 8834, 'Murakeresztúr', 'ZA'),
(3407, 8835, 'Fityeház', 'ZA'),
(3408, 8840, 'Csurgónagymarton', 'SO'),
(3409, 8840, 'Csurgó', 'SO'),
(3410, 8849, 'Szenta', 'SO'),
(3411, 8851, 'Gyékényes', 'SO'),
(3412, 8852, 'Zákány', 'SO'),
(3413, 8852, 'Gyékényes', 'SO'),
(3414, 8853, 'Zákányfalu', 'SO'),
(3415, 8854, 'Őrtilos', 'SO'),
(3416, 8855, 'Belezna', 'ZA'),
(3417, 8856, 'Nemespátró', 'ZA'),
(3418, 8856, 'Surd', 'ZA'),
(3419, 8857, 'Nemespátró', 'ZA'),
(3420, 8858, 'Somogybükkösd', 'SO'),
(3421, 8858, 'Porrogszentkirály', 'SO'),
(3422, 8858, 'Porrogszentpál', 'SO'),
(3423, 8858, 'Porrog', 'SO'),
(3424, 8861, 'Szepetnek', 'ZA'),
(3425, 8862, 'Semjénháza', 'ZA'),
(3426, 8863, 'Molnári', 'ZA'),
(3427, 8864, 'Tótszerdahely', 'ZA'),
(3428, 8865, 'Tótszentmárton', 'ZA'),
(3429, 8866, 'Becsehely', 'ZA'),
(3430, 8866, 'Petrivente', 'ZA'),
(3431, 8868, 'Kistolmács', 'ZA'),
(3432, 8868, 'Letenye', 'ZA'),
(3433, 8868, 'Zajk', 'ZA'),
(3434, 8868, 'Murarátka', 'ZA'),
(3435, 8872, 'Szentmargitfalva', 'ZA'),
(3436, 8872, 'Muraszemenye', 'ZA'),
(3437, 8873, 'Csörnyeföld', 'ZA'),
(3438, 8874, 'Kerkaszentkirály', 'ZA'),
(3439, 8874, 'Dobri', 'ZA'),
(3440, 8876, 'Tormafölde', 'ZA'),
(3441, 8877, 'Tornyiszentmiklós', 'ZA'),
(3442, 8878, 'Lovászi', 'ZA'),
(3443, 8879, 'Kerkateskánd', 'ZA'),
(3444, 8879, 'Szécsisziget', 'ZA'),
(3445, 8881, 'Sormás', 'ZA'),
(3446, 8882, 'Eszteregnye', 'ZA'),
(3447, 8883, 'Rigyác', 'ZA'),
(3448, 8885, 'Borsfa', 'ZA'),
(3449, 8885, 'Valkonya', 'ZA'),
(3450, 8886, 'Oltárc', 'ZA'),
(3451, 8887, 'Bázakerettye', 'ZA'),
(3452, 8887, 'Lasztonya', 'ZA'),
(3453, 8888, 'Lispeszentadorján', 'ZA'),
(3454, 8888, 'Kiscsehi', 'ZA'),
(3455, 8888, 'Maróc', 'ZA'),
(3456, 8891, 'Bánokszentgyörgy', 'ZA'),
(3457, 8891, 'Várfölde', 'ZA'),
(3458, 8893, 'Bucsuta', 'ZA'),
(3459, 8893, 'Szentliszló', 'ZA'),
(3460, 8895, 'Pusztamagyaród', 'ZA'),
(3461, 8896, 'Pusztaszentlászló', 'ZA'),
(3462, 8897, 'Söjtör', 'ZA'),
(3463, 8900, 'Zalaegerszeg', 'ZA'),
(3464, 8901, 'Zalaegerszeg', 'ZA'),
(3465, 8902, 'Zalaegerszeg', 'ZA'),
(3466, 8903, 'Zalaegerszeg', 'ZA'),
(3467, 8904, 'Zalaegerszeg', 'ZA'),
(3468, 8905, 'Zalaegerszeg', 'ZA'),
(3469, 8906, 'Zalaegerszeg', 'ZA'),
(3470, 8907, 'Zalaegerszeg', 'ZA'),
(3471, 8908, 'Zalaegerszeg', 'ZA'),
(3472, 8909, 'Zalaegerszeg', 'ZA'),
(3473, 8911, 'Kiskutas', 'ZA'),
(3474, 8911, 'Nagykutas', 'ZA'),
(3475, 8912, 'Kispáli', 'ZA'),
(3476, 8912, 'Nagypáli', 'ZA'),
(3477, 8913, 'Egervár', 'ZA'),
(3478, 8913, 'Lakhegy', 'ZA'),
(3479, 8913, 'Gősfa', 'ZA'),
(3480, 8914, 'Vasboldogasszony', 'ZA'),
(3481, 8915, 'Nemesrádó', 'ZA'),
(3482, 8917, 'Dobronhegy', 'ZA'),
(3483, 8917, 'Pálfiszeg', 'ZA'),
(3484, 8917, 'Milejszeg', 'ZA'),
(3485, 8918, 'Csonkahegyhát', 'ZA'),
(3486, 8918, 'Németfalu', 'ZA'),
(3487, 8919, 'Kustánszeg', 'ZA'),
(3488, 8921, 'Zalaszentiván', 'ZA'),
(3489, 8921, 'Zalaszentlőrinc', 'ZA'),
(3490, 8921, 'Alibánfa', 'ZA'),
(3491, 8921, 'Pethőhenye', 'ZA'),
(3492, 8923, 'Nemesapáti', 'ZA'),
(3493, 8924, 'Alsónemesapáti', 'ZA'),
(3494, 8925, 'Nemessándorháza', 'ZA'),
(3495, 8925, 'Búcsúszentlászló', 'ZA'),
(3496, 8925, 'Nemesszentandrás', 'ZA'),
(3497, 8925, 'Kisbucsa', 'ZA'),
(3498, 8925, 'Nemeshetés', 'ZA'),
(3499, 8929, 'Pölöske', 'ZA'),
(3500, 8931, 'Vöckönd', 'ZA'),
(3501, 8931, 'Kemendollár', 'ZA'),
(3502, 8932, 'Gyűrűs', 'ZA'),
(3503, 8932, 'Pókaszepetk', 'ZA'),
(3504, 8932, 'Zalaistvánd', 'ZA'),
(3505, 8934, 'Bezeréd', 'ZA'),
(3506, 8935, 'Orbányosfa', 'ZA'),
(3507, 8935, 'Almásháza', 'ZA'),
(3508, 8935, 'Nagykapornak', 'ZA'),
(3509, 8935, 'Misefa', 'ZA'),
(3510, 8935, 'Padár', 'ZA'),
(3511, 8936, 'Zalaszentmihály', 'ZA'),
(3512, 8943, 'Bocfölde', 'ZA'),
(3513, 8943, 'Csatár', 'ZA'),
(3514, 8944, 'Sárhida', 'ZA'),
(3515, 8945, 'Bak', 'ZA'),
(3516, 8946, 'Tófej', 'ZA'),
(3517, 8946, 'Baktüttös', 'ZA'),
(3518, 8946, 'Pusztaederics', 'ZA'),
(3519, 8947, 'Szentkozmadombja', 'ZA'),
(3520, 8947, 'Zalatárnok', 'ZA'),
(3521, 8948, 'Barlahida', 'ZA'),
(3522, 8948, 'Nova', 'ZA'),
(3523, 8949, 'Mikekarácsonyfa', 'ZA'),
(3524, 8951, 'Gutorfölde', 'ZA'),
(3525, 8951, 'Csertalakos', 'ZA'),
(3526, 8953, 'Szentpéterfölde', 'ZA'),
(3527, 8954, 'Ortaháza', 'ZA'),
(3528, 8956, 'Kányavár', 'ZA'),
(3529, 8956, 'Pördefölde', 'ZA'),
(3530, 8956, 'Páka', 'ZA'),
(3531, 8957, 'Csömödér', 'ZA'),
(3532, 8957, 'Kissziget', 'ZA'),
(3533, 8957, 'Hernyék', 'ZA'),
(3534, 8957, 'Zebecke', 'ZA'),
(3535, 8958, 'Iklódbördőce', 'ZA'),
(3536, 8960, 'Lenti', 'ZA'),
(3537, 8961, 'Lenti', 'ZA'),
(3538, 8966, 'Lenti', 'ZA'),
(3539, 8969, 'Bödeháza', 'ZA'),
(3540, 8969, 'Zalaszombatfa', 'ZA'),
(3541, 8969, 'Gáborjánháza', 'ZA'),
(3542, 8969, 'Szijártóháza', 'ZA'),
(3543, 8971, 'Zalabaksa', 'ZA'),
(3544, 8971, 'Kerkabarabás', 'ZA'),
(3545, 8973, 'Felsőszenterzsébet', 'ZA'),
(3546, 8973, 'Magyarföld', 'ZA'),
(3547, 8973, 'Alsószenterzsébet', 'ZA'),
(3548, 8973, 'Ramocsa', 'ZA'),
(3549, 8973, 'Csesztreg', 'ZA'),
(3550, 8973, 'Kerkafalva', 'ZA'),
(3551, 8973, 'Kerkakutas', 'ZA'),
(3552, 8975, 'Szentgyörgyvölgy', 'ZA'),
(3553, 8976, 'Nemesnép', 'ZA'),
(3554, 8976, 'Márokföld', 'ZA'),
(3555, 8977, 'Baglad', 'ZA'),
(3556, 8977, 'Lendvajakabfa', 'ZA'),
(3557, 8977, 'Resznek', 'ZA'),
(3558, 8978, 'Belsősárd', 'ZA'),
(3559, 8978, 'Lendvadedes', 'ZA'),
(3560, 8978, 'Gosztola', 'ZA'),
(3561, 8978, 'Rédics', 'ZA'),
(3562, 8978, 'Külsősárd', 'ZA'),
(3563, 8981, 'Gellénháza', 'ZA'),
(3564, 8981, 'Lickóvadamos', 'ZA'),
(3565, 8983, 'Babosdöbréte', 'ZA'),
(3566, 8983, 'Nagylengyel', 'ZA'),
(3567, 8983, 'Ormándlak', 'ZA'),
(3568, 8984, 'Iborfia', 'ZA'),
(3569, 8984, 'Petrikeresztúr', 'ZA'),
(3570, 8984, 'Gombosszeg', 'ZA'),
(3571, 8985, 'Becsvölgye', 'ZA'),
(3572, 8986, 'Pusztaapáti', 'ZA'),
(3573, 8986, 'Szilvágy', 'ZA'),
(3574, 8986, 'Pórszombat', 'ZA'),
(3575, 8988, 'Kálócfa', 'ZA'),
(3576, 8988, 'Kozmadombja', 'ZA'),
(3577, 8989, 'Dobronhegy', 'ZA'),
(3578, 8990, 'Pálfiszeg', 'ZA'),
(3579, 8991, 'Hottó', 'ZA'),
(3580, 8991, 'Teskánd', 'ZA'),
(3581, 8991, 'Böde', 'ZA'),
(3582, 8992, 'Zalaboldogfa', 'ZA'),
(3583, 8992, 'Boncodfölde', 'ZA'),
(3584, 8992, 'Bagod', 'ZA'),
(3585, 8992, 'Hagyárosbörönd', 'ZA'),
(3586, 8994, 'Zalaszentgyörgy', 'ZA'),
(3587, 8994, 'Kávás', 'ZA'),
(3588, 8995, 'Keménfa', 'ZA'),
(3589, 8995, 'Salomvár', 'ZA'),
(3590, 8996, 'Zalacséb', 'ZA'),
(3591, 8997, 'Zalaháshágy', 'ZA'),
(3592, 8998, 'Vaspör', 'ZA'),
(3593, 8998, 'Ozmánbük', 'ZA'),
(3594, 8999, 'Csöde', 'ZA'),
(3595, 8999, 'Zalalövő', 'ZA'),
(3596, 9000, 'Győr', 'GS'),
(3597, 9001, 'Győr', 'GS'),
(3598, 9002, 'Győr', 'GS'),
(3599, 9003, 'Győr', 'GS'),
(3600, 9004, 'Győr', 'GS'),
(3601, 9005, 'Győr', 'GS'),
(3602, 9006, 'Győr', 'GS'),
(3603, 9007, 'Győr', 'GS'),
(3604, 9008, 'Győr', 'GS'),
(3605, 9009, 'Győr', 'GS'),
(3606, 9010, 'Győr', 'GS'),
(3607, 9011, 'Győr', 'GS'),
(3608, 9012, 'Győr', 'GS'),
(3609, 9013, 'Győr', 'GS'),
(3610, 9019, 'Győr', 'GS'),
(3611, 9020, 'Győr', 'GS'),
(3612, 9021, 'Győr', 'GS'),
(3613, 9022, 'Győr', 'GS'),
(3614, 9023, 'Győr', 'GS'),
(3615, 9024, 'Győr', 'GS'),
(3616, 9025, 'Győr', 'GS'),
(3617, 9026, 'Győr', 'GS'),
(3618, 9027, 'Győr', 'GS'),
(3619, 9028, 'Győr', 'GS'),
(3620, 9029, 'Győr', 'GS'),
(3621, 9030, 'Győr', 'GS'),
(3622, 9061, 'Vámosszabadi', 'GS'),
(3623, 9062, 'Vének', 'GS'),
(3624, 9062, 'Kisbajcs', 'GS'),
(3625, 9063, 'Nagybajcs', 'GS'),
(3626, 9071, 'Gönyű', 'GS'),
(3627, 9072, 'Nagyszentjános', 'GS'),
(3628, 9073, 'Bőny', 'GS'),
(3629, 9074, 'Rétalap', 'GS'),
(3630, 9081, 'Győrújbarát', 'GS'),
(3631, 9082, 'Nyúl', 'GS'),
(3632, 9083, 'Écs', 'GS'),
(3633, 9084, 'Győrság', 'GS'),
(3634, 9085, 'Pázmándfalu', 'GS'),
(3635, 9086, 'Töltéstava', 'GS'),
(3636, 9088, 'Bakonypéterd', 'VE'),
(3637, 9089, 'Lázi', 'VE'),
(3638, 9090, 'Pannonhalma', 'GS'),
(3639, 9091, 'Ravazd', 'GS'),
(3640, 9092, 'Tarjánpuszta', 'GS'),
(3641, 9093, 'Győrasszonyfa', 'GS'),
(3642, 9094, 'Tápszentmiklós', 'GS'),
(3643, 9095, 'Táp', 'GS'),
(3644, 9096, 'Nyalka', 'GS'),
(3645, 9097, 'Mezőörs', 'GS'),
(3646, 9098, 'Mezőörs', 'GS'),
(3647, 9099, 'Pér', 'GS'),
(3648, 9100, 'Tét', 'GS'),
(3649, 9111, 'Tényő', 'GS'),
(3650, 9112, 'Sokorópátka', 'GS'),
(3651, 9113, 'Koroncó', 'GS'),
(3652, 9121, 'Győrszemere', 'GS'),
(3653, 9122, 'Felpéc', 'GS'),
(3654, 9123, 'Kajárpéc', 'GS'),
(3655, 9124, 'Gyömöre', 'GS'),
(3656, 9125, 'Szerecseny', 'GS'),
(3657, 9126, 'Gyarmat', 'GS'),
(3658, 9127, 'Csikvánd', 'GS'),
(3659, 9131, 'Mórichida', 'GS'),
(3660, 9132, 'Árpás', 'GS'),
(3661, 9133, 'Rábaszentmiklós', 'GS'),
(3662, 9133, 'Kisbabot', 'GS'),
(3663, 9134, 'Bodonhely', 'GS'),
(3664, 9135, 'Rábaszentmihály', 'GS'),
(3665, 9136, 'Rábacsécsény', 'GS'),
(3666, 9136, 'Mérges', 'GS'),
(3667, 9141, 'Ikrény', 'GS'),
(3668, 9142, 'Rábapatona', 'GS'),
(3669, 9143, 'Enese', 'GS'),
(3670, 9144, 'Kóny', 'GS'),
(3671, 9145, 'Bágyogszovát', 'GS'),
(3672, 9146, 'Rábapordány', 'GS'),
(3673, 9147, 'Dör', 'GS'),
(3674, 9151, 'Abda', 'GS'),
(3675, 9152, 'Börcs', 'GS'),
(3676, 9153, 'Öttevény', 'GS'),
(3677, 9154, 'Mosonszentmiklós', 'GS'),
(3678, 9155, 'Lébény', 'GS'),
(3679, 9161, 'Győrsövényház', 'GS'),
(3680, 9162, 'Bezi', 'GS'),
(3681, 9163, 'Fehértó', 'GS'),
(3682, 9164, 'Markotabödöge', 'GS'),
(3683, 9165, 'Cakóháza', 'GS'),
(3684, 9165, 'Rábcakapi', 'GS'),
(3685, 9165, 'Tárnokréti', 'GS'),
(3686, 9167, 'Bősárkány', 'GS'),
(3687, 9168, 'Acsalag', 'GS'),
(3688, 9169, 'Maglóca', 'GS'),
(3689, 9169, 'Barbacs', 'GS'),
(3690, 9171, 'Győrújfalu', 'GS'),
(3691, 9172, 'Győrzámoly', 'GS'),
(3692, 9173, 'Győrladamér', 'GS'),
(3693, 9174, 'Dunaszeg', 'GS'),
(3694, 9175, 'Dunaszentpál', 'GS'),
(3695, 9176, 'Mecsér', 'GS'),
(3696, 9177, 'Ásványráró', 'GS'),
(3697, 9178, 'Hédervár', 'GS'),
(3698, 9181, 'Kimle', 'GS'),
(3699, 9182, 'Károlyháza', 'GS'),
(3700, 9183, 'Károlyháza', 'GS'),
(3701, 9184, 'Kunsziget', 'GS'),
(3702, 9200, 'Mosonmagyaróvár', 'GS'),
(3703, 9201, 'Mosonmagyaróvár', 'GS'),
(3704, 9202, 'Mosonmagyaróvár', 'GS'),
(3705, 9203, 'Mosonmagyaróvár', 'GS'),
(3706, 9211, 'Feketeerdő', 'GS'),
(3707, 9221, 'Levél', 'GS'),
(3708, 9222, 'Hegyeshalom', 'GS'),
(3709, 9223, 'Bezenye', 'GS'),
(3710, 9224, 'Rajka', 'GS'),
(3711, 9225, 'Dunakiliti', 'GS'),
(3712, 9226, 'Dunasziget', 'GS'),
(3713, 9228, 'Halászi', 'GS'),
(3714, 9231, 'Máriakálnok', 'GS'),
(3715, 9232, 'Darnózseli', 'GS'),
(3716, 9233, 'Lipót', 'GS'),
(3717, 9234, 'Kisbodak', 'GS'),
(3718, 9235, 'Dunaremete', 'GS'),
(3719, 9235, 'Püski', 'GS'),
(3720, 9241, 'Jánossomorja', 'GS'),
(3721, 9242, 'Jánossomorja', 'GS'),
(3722, 9243, 'Várbalog', 'GS'),
(3723, 9244, 'Újrónafő', 'GS'),
(3724, 9245, 'Mosonszolnok', 'GS'),
(3725, 9300, 'Csorna', 'GS'),
(3726, 9301, 'Csorna', 'GS'),
(3727, 9311, 'Pásztori', 'GS'),
(3728, 9312, 'Szilsárkány', 'GS'),
(3729, 9313, 'Rábacsanak', 'GS'),
(3730, 9314, 'Egyed', 'GS'),
(3731, 9315, 'Sobor', 'GS'),
(3732, 9316, 'Rábaszentandrás', 'GS'),
(3733, 9317, 'Szany', 'GS'),
(3734, 9321, 'Farád', 'GS'),
(3735, 9322, 'Rábatamási', 'GS'),
(3736, 9323, 'Jobaháza', 'GS'),
(3737, 9324, 'Potyond', 'GS'),
(3738, 9324, 'Bogyoszló', 'GS'),
(3739, 9325, 'Sopronnémeti', 'GS'),
(3740, 9326, 'Szil', 'GS'),
(3741, 9327, 'Rábasebes', 'GS'),
(3742, 9327, 'Vág', 'GS'),
(3743, 9330, 'Kapuvár', 'GS'),
(3744, 9331, 'Kapuvár', 'GS'),
(3745, 9332, 'Kapuvár', 'GS'),
(3746, 9339, 'Kapuvár', 'GS'),
(3747, 9341, 'Kisfalud', 'GS'),
(3748, 9342, 'Mihályi', 'GS'),
(3749, 9343, 'Beled', 'GS'),
(3750, 9343, 'Vásárosfalu', 'GS'),
(3751, 9343, 'Edve', 'GS'),
(3752, 9344, 'Rábakecöl', 'GS'),
(3753, 9345, 'Páli', 'GS'),
(3754, 9346, 'Magyarkeresztúr', 'GS'),
(3755, 9346, 'Vadosfa', 'GS'),
(3756, 9346, 'Zsebeháza', 'GS'),
(3757, 9351, 'Babót', 'GS'),
(3758, 9352, 'Veszkény', 'GS'),
(3759, 9353, 'Szárföld', 'GS'),
(3760, 9354, 'Osli', 'GS'),
(3761, 9361, 'Hövej', 'GS'),
(3762, 9362, 'Himod', 'GS'),
(3763, 9363, 'Gyóró', 'GS'),
(3764, 9364, 'Cirák', 'GS'),
(3765, 9365, 'Dénesfa', 'GS'),
(3766, 9371, 'Vitnyéd', 'GS'),
(3767, 9372, 'Csapod', 'GS'),
(3768, 9373, 'Pusztacsalád', 'GS'),
(3769, 9374, 'Iván', 'GS'),
(3770, 9375, 'Répceszemere', 'GS'),
(3771, 9375, 'Csáfordjánosfa', 'GS'),
(3772, 9375, 'Csér', 'GS'),
(3773, 9400, 'Sopron', 'GS'),
(3774, 9401, 'Sopron', 'GS'),
(3775, 9402, 'Sopron', 'GS'),
(3776, 9403, 'Sopron', 'GS'),
(3777, 9404, 'Sopron', 'GS'),
(3778, 9405, 'Sopron', 'GS'),
(3779, 9406, 'Sopron', 'GS'),
(3780, 9407, 'Sopron', 'GS'),
(3781, 9408, 'Sopron', 'GS'),
(3782, 9409, 'Sopron', 'GS'),
(3783, 9421, 'Fertőrákos', 'GS'),
(3784, 9422, 'Harka', 'GS'),
(3785, 9423, 'Ágfalva', 'GS'),
(3786, 9431, 'Fertőd', 'GS'),
(3787, 9433, 'Fertőd', 'GS'),
(3788, 9434, 'Fertőd', 'GS'),
(3789, 9435, 'Sarród', 'GS'),
(3790, 9436, 'Fertőszéplak', 'GS'),
(3791, 9437, 'Hegykő', 'GS'),
(3792, 9438, 'Sarród', 'GS'),
(3793, 9441, 'Agyagosszergény', 'GS'),
(3794, 9442, 'Fertőendréd', 'GS'),
(3795, 9443, 'Petőháza', 'GS'),
(3796, 9444, 'Fertőszentmiklós', 'GS'),
(3797, 9451, 'Röjtökmuzsaj', 'GS'),
(3798, 9451, 'Ebergőc', 'GS'),
(3799, 9461, 'Lövő', 'GS'),
(3800, 9462, 'Völcsej', 'GS'),
(3801, 9463, 'Sopronhorpács', 'GS'),
(3802, 9464, 'Und', 'GS'),
(3803, 9471, 'Nemeskér', 'GS'),
(3804, 9472, 'Újkér', 'GS'),
(3805, 9473, 'Egyházasfalu', 'GS'),
(3806, 9474, 'Szakony', 'GS'),
(3807, 9474, 'Gyalóka', 'GS'),
(3808, 9475, 'Répcevis', 'GS'),
(3809, 9476, 'Zsira', 'GS'),
(3810, 9481, 'Pinnye', 'GS'),
(3811, 9482, 'Nagylózs', 'GS'),
(3812, 9483, 'Sopronkövesd', 'GS'),
(3813, 9484, 'Pereszteg', 'GS'),
(3814, 9485, 'Nagycenk', 'GS'),
(3815, 9491, 'Hidegség', 'GS'),
(3816, 9492, 'Fertőhomok', 'GS'),
(3817, 9493, 'Fertőboz', 'GS'),
(3818, 9494, 'Fertőboz', 'GS'),
(3819, 9495, 'Kópháza', 'GS'),
(3820, 9500, 'Celldömölk', 'VA'),
(3821, 9501, 'Celldömölk', 'VA'),
(3822, 9502, 'Celldömölk', 'VA'),
(3823, 9503, 'Celldömölk', 'VA'),
(3824, 9511, 'Kemenesmihályfa', 'VA'),
(3825, 9512, 'Ostffyasszonyfa', 'VA'),
(3826, 9513, 'Csönge', 'VA'),
(3827, 9514, 'Kenyeri', 'VA'),
(3828, 9515, 'Pápoc', 'VA'),
(3829, 9516, 'Vönöck', 'VA'),
(3830, 9517, 'Kemenessömjén', 'VA'),
(3831, 9521, 'Kemenesszentmárton', 'VA'),
(3832, 9522, 'Kemenesmagasi', 'VA'),
(3833, 9523, 'Szergény', 'VA'),
(3834, 9531, 'Mersevát', 'VA'),
(3835, 9532, 'Külsővat', 'VE'),
(3836, 9533, 'Nemesszalók', 'VE'),
(3837, 9534, 'Vinár', 'VE'),
(3838, 9534, 'Marcalgergelyi', 'VE'),
(3839, 9541, 'Vinár', 'VA'),
(3840, 9542, 'Nemeskocs', 'VA'),
(3841, 9542, 'Boba', 'VA'),
(3842, 9544, 'Kemenespálfa', 'VA'),
(3843, 9545, 'Jánosháza', 'VA'),
(3844, 9547, 'Karakó', 'VA'),
(3845, 9548, 'Nemeskeresztúr', 'VA'),
(3846, 9549, 'Keléd', 'VA'),
(3847, 9551, 'Mesteri', 'VA'),
(3848, 9552, 'Vásárosmiske', 'VA'),
(3849, 9553, 'Köcsk', 'VA'),
(3850, 9553, 'Kemeneskápolna', 'VA'),
(3851, 9554, 'Borgáta', 'VA'),
(3852, 9554, 'Egyházashetye', 'VA'),
(3853, 9555, 'Kissomlyó', 'VA'),
(3854, 9556, 'Duka', 'VA'),
(3855, 9561, 'Nagysimonyi', 'VA'),
(3856, 9561, 'Tokorcs', 'VA'),
(3857, 9600, 'Sárvár', 'VA'),
(3858, 9601, 'Sárvár', 'VA'),
(3859, 9602, 'Sárvár', 'VA'),
(3860, 9608, 'Sárvár', 'VA'),
(3861, 9609, 'Sárvár', 'VA'),
(3862, 9611, 'Csénye', 'VA'),
(3863, 9612, 'Porpác', 'VA'),
(3864, 9612, 'Bögöt', 'VA'),
(3865, 9621, 'Ölbő', 'VA'),
(3866, 9622, 'Szeleste', 'VA'),
(3867, 9623, 'Répceszentgyörgy', 'VA'),
(3868, 9624, 'Chernelházadamonya', 'VA'),
(3869, 9625, 'Bő', 'VA'),
(3870, 9625, 'Gór', 'VA'),
(3871, 9631, 'Hegyfalu', 'VA'),
(3872, 9632, 'Sajtoskál', 'VA'),
(3873, 9633, 'Simaság', 'VA'),
(3874, 9634, 'Iklanberény', 'VA'),
(3875, 9634, 'Lócs', 'VA'),
(3876, 9635, 'Zsédeny', 'VA'),
(3877, 9636, 'Pósfa', 'VA'),
(3878, 9641, 'Rábapaty', 'VA'),
(3879, 9643, 'Jákfa', 'VA'),
(3880, 9651, 'Uraiújfalu', 'VA'),
(3881, 9652, 'Nick', 'VA'),
(3882, 9653, 'Répcelak', 'VA'),
(3883, 9654, 'Csánig', 'VA'),
(3884, 9661, 'Vasegerszeg', 'VA'),
(3885, 9662, 'Tompaládony', 'VA'),
(3886, 9662, 'Mesterháza', 'VA'),
(3887, 9663, 'Nemesládony', 'VA'),
(3888, 9664, 'Nagygeresd', 'VA'),
(3889, 9665, 'Vámoscsalád', 'VA'),
(3890, 9671, 'Sitke', 'VA'),
(3891, 9672, 'Gérce', 'VA'),
(3892, 9673, 'Káld', 'VA'),
(3893, 9674, 'Vashosszúfalu', 'VA'),
(3894, 9675, 'Bögöte', 'VA'),
(3895, 9676, 'Hosszúpereszteg', 'VA'),
(3896, 9681, 'Sótony', 'VA'),
(3897, 9682, 'Nyőgér', 'VA'),
(3898, 9683, 'Bejcgyertyános', 'VA'),
(3899, 9684, 'Egervölgy', 'VA'),
(3900, 9685, 'Szemenye', 'VA'),
(3901, 9700, 'Szombathely', 'VA'),
(3902, 9701, 'Szombathely', 'VA'),
(3903, 9702, 'Szombathely', 'VA'),
(3904, 9703, 'Szombathely', 'VA'),
(3905, 9704, 'Szombathely', 'VA'),
(3906, 9705, 'Szombathely', 'VA'),
(3907, 9706, 'Szombathely', 'VA'),
(3908, 9707, 'Szombathely', 'VA'),
(3909, 9708, 'Szombathely', 'VA'),
(3910, 9709, 'Szombathely', 'VA'),
(3911, 9710, 'Szombathely', 'VA'),
(3912, 9719, 'Szombathely', 'VA'),
(3913, 9721, 'Gencsapáti', 'VA'),
(3914, 9722, 'Perenye', 'VA'),
(3915, 9723, 'Lukácsháza', 'VA'),
(3916, 9724, 'Gyöngyösfalu', 'VA'),
(3917, 9725, 'Kőszegszerdahely', 'VA'),
(3918, 9725, 'Cák', 'VA'),
(3919, 9725, 'Kőszegdoroszló', 'VA'),
(3920, 9726, 'Velem', 'VA'),
(3921, 9727, 'Bozsok', 'VA'),
(3922, 9730, 'Kőszeg', 'VA'),
(3923, 9731, 'Kőszeg', 'VA'),
(3924, 9732, 'Kőszeg', 'VA'),
(3925, 9733, 'Horvátzsidány', 'VA'),
(3926, 9733, 'Kiszsidány', 'VA'),
(3927, 9733, 'Ólmod', 'VA'),
(3928, 9734, 'Peresznye', 'VA'),
(3929, 9735, 'Csepreg', 'VA'),
(3930, 9736, 'Tormásliget', 'VA'),
(3931, 9737, 'Bük', 'VA'),
(3932, 9738, 'Tömörd', 'VA'),
(3933, 9739, 'Pusztacsó', 'VA'),
(3934, 9739, 'Kőszegpaty', 'VA'),
(3935, 9739, 'Nemescsó', 'VA'),
(3936, 9740, 'Pusztacsó', 'VA'),
(3937, 9741, 'Vassurány', 'VA'),
(3938, 9742, 'Salköveskút', 'VA'),
(3939, 9743, 'Söpte', 'VA'),
(3940, 9744, 'Vasasszonyfa', 'VA'),
(3941, 9745, 'Meszlen', 'VA'),
(3942, 9746, 'Acsád', 'VA'),
(3943, 9747, 'Vasszilvágy', 'VA'),
(3944, 9748, 'Vát', 'VA'),
(3945, 9749, 'Nemesbőd', 'VA'),
(3946, 9751, 'Vép', 'VA'),
(3947, 9752, 'Bozzai', 'VA'),
(3948, 9752, 'Kenéz', 'VA'),
(3949, 9754, 'Pecöl', 'VA'),
(3950, 9754, 'Megyehíd', 'VA'),
(3951, 9756, 'Ikervár', 'VA'),
(3952, 9757, 'Meggyeskovácsi', 'VA'),
(3953, 9761, 'Táplánszentkereszt', 'VA'),
(3954, 9762, 'Tanakajd', 'VA'),
(3955, 9763, 'Vasszécseny', 'VA'),
(3956, 9764, 'Csempeszkopács', 'VA'),
(3957, 9766, 'Rábatöttös', 'VA'),
(3958, 9766, 'Zsennye', 'VA'),
(3959, 9766, 'Rum', 'VA'),
(3960, 9771, 'Balogunyom', 'VA'),
(3961, 9772, 'Kisunyom', 'VA'),
(3962, 9773, 'Sorokpolány', 'VA'),
(3963, 9774, 'Gyanógeregye', 'VA'),
(3964, 9774, 'Sorkikápolna', 'VA'),
(3965, 9774, 'Sorkifalud', 'VA'),
(3966, 9775, 'Nemeskolta', 'VA'),
(3967, 9776, 'Püspökmolnári', 'VA'),
(3968, 9777, 'Rábahídvég', 'VA'),
(3969, 9781, 'Egyházashollós', 'VA'),
(3970, 9782, 'Nemesrempehollós', 'VA'),
(3971, 9783, 'Egyházasrádóc', 'VA'),
(3972, 9784, 'Rádóckölked', 'VA'),
(3973, 9784, 'Harasztifalu', 'VA'),
(3974, 9784, 'Nagykölked', 'VA'),
(3975, 9789, 'Sé', 'VA'),
(3976, 9791, 'Dozmat', 'VA'),
(3977, 9791, 'Torony', 'VA'),
(3978, 9792, 'Bucsu', 'VA'),
(3979, 9793, 'Narda', 'VA'),
(3980, 9794, 'Felsőcsatár', 'VA'),
(3981, 9795, 'Vaskeresztes', 'VA'),
(3982, 9796, 'Horvátlövő', 'VA'),
(3983, 9796, 'Pornóapáti', 'VA'),
(3984, 9797, 'Nárai', 'VA'),
(3985, 9798, 'Ják', 'VA'),
(3986, 9799, 'Szentpéterfa', 'VA'),
(3987, 9800, 'Vasvár', 'VA'),
(3988, 9801, 'Vasvár', 'VA'),
(3989, 9811, 'Andrásfa', 'VA'),
(3990, 9812, 'Telekes', 'VA'),
(3991, 9813, 'Gersekarát', 'VA'),
(3992, 9813, 'Sárfimizdó', 'VA'),
(3993, 9814, 'Halastó', 'VA'),
(3994, 9821, 'Hegyhátszentpéter', 'VA'),
(3995, 9821, 'Győrvár', 'VA'),
(3996, 9823, 'Pácsony', 'VA'),
(3997, 9824, 'Olaszfa', 'VA'),
(3998, 9825, 'Oszkó', 'VA'),
(3999, 9826, 'Petőmihályfa', 'VA'),
(4000, 9831, 'Bérbaltavár', 'VA'),
(4001, 9832, 'Nagytilaj', 'VA'),
(4002, 9833, 'Csehi', 'VA'),
(4003, 9834, 'Csehimindszent', 'VA'),
(4004, 9835, 'Mikosszéplak', 'VA'),
(4005, 9836, 'Csipkerek', 'VA'),
(4006, 9841, 'Kám', 'VA'),
(4007, 9842, 'Alsóújlak', 'VA'),
(4008, 9900, 'Körmend', 'VA'),
(4009, 9901, 'Körmend', 'VA'),
(4010, 9909, 'Magyarnádalja', 'VA'),
(4011, 9909, 'Körmend', 'VA'),
(4012, 9912, 'Magyarszecsőd', 'VA'),
(4013, 9912, 'Molnaszecsőd', 'VA'),
(4014, 9913, 'Döröske', 'VA'),
(4015, 9913, 'Szarvaskend', 'VA'),
(4016, 9913, 'Nagymizdó', 'VA'),
(4017, 9914, 'Döbörhegy', 'VA'),
(4018, 9915, 'Nádasd', 'VA'),
(4019, 9915, 'Katafa', 'VA'),
(4020, 9915, 'Hegyháthodász', 'VA'),
(4021, 9915, 'Hegyhátsál', 'VA'),
(4022, 9917, 'Halogy', 'VA'),
(4023, 9917, 'Daraboshegy', 'VA'),
(4024, 9918, 'Felsőmarác', 'VA'),
(4025, 9919, 'Csákánydoroszló', 'VA'),
(4026, 9921, 'Vasalja', 'VA'),
(4027, 9922, 'Pinkamindszent', 'VA'),
(4028, 9923, 'Kemestaródfa', 'VA'),
(4029, 9931, 'Ivánc', 'VA'),
(4030, 9931, 'Hegyhátszentmárton', 'VA'),
(4031, 9932, 'Viszák', 'VA'),
(4032, 9933, 'Őrimagyarósd', 'VA'),
(4033, 9934, 'Felsőjánosfa', 'VA'),
(4034, 9934, 'Szaknyér', 'VA'),
(4035, 9934, 'Hegyhátszentjakab', 'VA'),
(4036, 9935, 'Szőce', 'VA'),
(4037, 9936, 'Kisrákos', 'VA'),
(4038, 9937, 'Pankasz', 'VA'),
(4039, 9938, 'Szatta', 'VA'),
(4040, 9938, 'Nagyrákos', 'VA'),
(4041, 9941, 'Ispánk', 'VA'),
(4042, 9941, 'Őriszentpéter', 'VA'),
(4043, 9942, 'Szalafő', 'VA'),
(4044, 9943, 'Kondorfa', 'VA'),
(4045, 9944, 'Bajánsenye', 'VA'),
(4046, 9944, 'Kerkáskápolna', 'VA'),
(4047, 9945, 'Kercaszomor', 'VA'),
(4048, 9946, 'Magyarszombatfa', 'VA'),
(4049, 9946, 'Velemér', 'VA'),
(4050, 9951, 'Rátót', 'VA'),
(4051, 9952, 'Gasztony', 'VA'),
(4052, 9953, 'Nemesmedves', 'VA'),
(4053, 9953, 'Vasszentmihály', 'VA'),
(4054, 9954, 'Rönök', 'VA'),
(4055, 9955, 'Rönök', 'VA'),
(4056, 9961, 'Rábagyarmat', 'VA'),
(4057, 9962, 'Csörötnek', 'VA'),
(4058, 9962, 'Magyarlak', 'VA'),
(4059, 9970, 'Szentgotthárd', 'VA'),
(4060, 9971, 'Szentgotthárd', 'VA'),
(4061, 9981, 'Szentgotthárd', 'VA'),
(4062, 9982, 'Apátistvánfalva', 'VA'),
(4063, 9982, 'Kétvölgy', 'VA'),
(4064, 9982, 'Orfalu', 'VA'),
(4065, 9983, 'Alsószölnök', 'VA'),
(4066, 9983, 'Szakonyfalu', 'VA'),
(4067, 9985, 'Felsőszölnök', 'VA'),
(4068, 2087, 'Piliscsaba', 'PE'),
(4069, 2099, 'Pilisszentkereszt', 'PE'),
(4070, 2738, 'Cegléd', 'PE'),
(4071, 2835, 'Tata', 'KE'),
(4072, 2921, 'Komárom', 'KE'),
(4073, 3024, 'Lőrinci', 'HE'),
(4074, 3065, 'Pásztó', 'NO'),
(4075, 3078, 'Bátonyterenye', 'NO'),
(4076, 3082, 'Pásztó', 'NO'),
(4077, 3141, 'Salgótarján', 'NO'),
(4078, 3147, 'Kazár', 'NO'),
(4079, 3221, 'Gyöngyös', 'HE'),
(4080, 3232, 'Gyöngyös', 'HE'),
(4081, 3233, 'Gyöngyös', 'HE'),
(4082, 3234, 'Mátraszentimre', 'HE'),
(4083, 3244, 'Parád', 'HE'),
(4084, 3625, 'Ózd', 'BZ'),
(4085, 3651, 'Ózd', 'BZ'),
(4086, 3661, 'Ózd', 'BZ'),
(4087, 3662, 'Ózd', 'BZ'),
(4088, 3783, 'Edelény', 'BZ'),
(4089, 3923, 'Gesztely', 'BZ'),
(4090, 3944, 'Sátoraljaújhely', 'BZ'),
(4091, 3945, 'Sátoraljaújhely', 'BZ'),
(4092, 3988, 'Sátoraljaújhely', 'BZ'),
(4093, 4067, 'Egyek', 'HB'),
(4094, 4074, 'Hajdúböszörmény', 'HB'),
(4095, 4078, 'Debrecen', 'HB'),
(4096, 4079, 'Debrecen', 'HB'),
(4097, 4086, 'Hajdúböszörmény', 'HB'),
(4098, 4162, 'Szerep', 'HB'),
(4099, 4246, 'Nyíregyháza', 'SZ'),
(4100, 4252, 'Nyíradony', 'HB'),
(4101, 4253, 'Nyíradony', 'HB'),
(4102, 4446, 'Tiszaeszlár', 'SZ'),
(4103, 4447, 'Tiszalök', 'SZ'),
(4104, 4481, 'Nyíregyháza', 'SZ'),
(4105, 4486, 'Tiszatelek', 'SZ'),
(4106, 4551, 'Nyíregyháza', 'SZ'),
(4107, 5095, 'Tiszavárkony', 'JN'),
(4108, 5152, 'Jászberény', 'JN'),
(4109, 5212, 'Törökszentmiklós', 'JN'),
(4110, 5213, 'Fegyvernek', 'JN'),
(4111, 5349, 'Kenderes', 'JN'),
(4112, 5461, 'Tiszaföldvár', 'JN'),
(4113, 5623, 'Békéscsaba', 'BE'),
(4114, 5671, 'Békéscsaba', 'BE'),
(4115, 5752, 'Medgyesegyháza', 'BE'),
(4116, 6044, 'Kecskemét', 'BK'),
(4117, 6648, 'Csongrád', 'CS'),
(4118, 7018, 'Sárbogárd', 'FE'),
(4119, 7019, 'Sárbogárd', 'FE'),
(4120, 7027, 'Paks', 'TO'),
(4121, 7187, 'Bonyhád', 'TO'),
(4122, 7409, 'Kaposvár', 'SO'),
(4123, 7557, 'Barcs', 'SO'),
(4124, 7714, 'Mohács', 'BA'),
(4125, 7715, 'Mohács', 'BA'),
(4126, 8054, 'Balinka', 'FE'),
(4127, 8172, 'Balatonkenese', 'VE'),
(4128, 8173, 'Balatonkenese', 'VE'),
(4129, 8184, 'Balatonfűzfő', 'VE'),
(4130, 8236, 'Balatonfüred', 'VE'),
(4131, 8257, 'Badacsonytomaj', 'VE'),
(4132, 8297, 'Tapolca', 'VE'),
(4133, 8411, 'Veszprém', 'VE'),
(4134, 8412, 'Veszprém', 'VE'),
(4135, 8447, 'Ajka', 'VE'),
(4136, 8448, 'Ajka', 'VE'),
(4137, 8451, 'Ajka', 'VE'),
(4138, 8531, 'Marcaltő', 'VE'),
(4139, 8591, 'Pápa', 'VE'),
(4140, 8598, 'Pápa', 'VE'),
(4141, 8691, 'Balatonboglár', 'SO'),
(4142, 8709, 'Marcali', 'SO'),
(4143, 8714, 'Marcali', 'SO'),
(4144, 8785, 'Zalaszentgrót', 'ZA'),
(4145, 8789, 'Zalaszentgrót', 'ZA'),
(4146, 8793, 'Zalaszentgrót', 'ZA'),
(4147, 8795, 'Zalaszentgrót', 'ZA'),
(4148, 8831, 'Nagykanizsa', 'ZA'),
(4149, 9183, 'Mosonszentmiklós', 'GS'),
(4150, 9434, 'Sarród', 'GS'),
(4151, 9494, 'Sopron', 'GS'),
(4152, 9541, 'Celldömölk', 'VA'),
(4153, 9740, 'Bük', 'VA'),
(4154, 9955, 'Szentgotthárd', 'VA'),
(4155, 0, '', '');

-- --------------------------------------------------------

--
-- Tábla szerkezet ehhez a táblához `termek`
--

CREATE TABLE `termek` (
  `id` int(11) NOT NULL,
  `vonalkod` varchar(50) DEFAULT NULL,
  `felv_datum` date DEFAULT NULL,
  `ar` int(11) DEFAULT NULL,
  `darab` int(7) DEFAULT NULL,
  `foto` varchar(255) DEFAULT NULL,
  `nev` varchar(50) DEFAULT NULL,
  `alkategoria_id` int(11) NOT NULL,
  `leiras` varchar(255) NOT NULL
) ENGINE=InnoDB DEFAULT CHARSET=utf8;

--
-- A tábla adatainak kiíratása `termek`
--

INSERT INTO `termek` (`id`, `vonalkod`, `felv_datum`, `ar`, `darab`, `foto`, `nev`, `alkategoria_id`, `leiras`) VALUES
(83, '00000000', '2023-03-03', 27000, 100, '1681366951.jpeg', 'Okuma Ceymar River Feeder', 1, 'Pontyos és egyéb békéshalas horgászatra kifejlesztett Okuma Ceymar feeder botok élménygazdag horgászatot eredményeznek. Kirobbanó fárasztási erővel rendelkezik.'),
(84, '00000000', '2023-03-03', 29100, 29, '1681366957.jpeg', 'Okuma Ceymar River Plus', 1, 'Pontyos és egyéb békéshalas horgászatra kifejlesztett Okuma Ceymar feeder botok élménygazdag horgászatot eredményeznek. Kirobbanó fárasztási erővel rendelkezik. ggg'),
(85, '00000000', '2023-04-14', 32000, 42, '1681366969.jpeg', 'Okuma Ceymar Black', 1, 'Pontyos és egyéb békéshalas horgászatra kifejlesztett Okuma Ceymar feeder botok élménygazdag horgászatot eredményeznek. Kirobbanó fárasztási erővel rendelkezik.'),
(86, '00000000', '2023-03-03', 41000, 96, '1681366976.jpeg', 'Okuma Custom Black Ceymar River Feeder', 1, 'Pontyos és egyéb békéshalas horgászatra kifejlesztett Okuma Ceymar feeder botok élménygazdag horgászatot eredményeznek. Kirobbanó fárasztási erővel rendelkezik.'),
(87, '00000000', '2023-03-03', 54900, 100, '1681366985.jpeg', 'Okuma Ceymar River Feeder Professional', 1, 'Pontyos és egyéb békéshalas horgászatra kifejlesztett Okuma Ceymar feeder botok élménygazdag horgászatot eredményeznek. Kirobbanó fárasztási erővel rendelkezik.'),
(88, '0000000', '2023-03-06', 200, 98, '1678095927.jpeg', 'Döme TEAM FEEDER Carp Fighter', 2, 'Íme a Döme Gábor nevével fémjelzett új orsócsalád, pontyos feederhorgászathoz kifejlesztett, nyeletőfékes orsó modelljei.'),
(89, '0000000', '2023-03-06', 23000, 100, '1678096193.jpeg', 'Döme TEAM FEEDER Long Cast', 2, 'Íme a Döme Gábor nevével fémjelzett új orsócsalád, pontyos feederhorgászathoz kifejlesztett, nyeletőfékes orsó modelljei.'),
(90, '0000000', '2023-03-06', 26500, 100, '1678096789.jpeg', 'Delphin CALMO nyeletőfékes orsó', 2, 'Egy egyszerű, de precíz nyeletőfékes orsó széria, amely az igazán kedvező ára ellenére sem fog csalódást okozni paramétereivel és funkcionalitásával.'),
(91, '0000000', '2023-03-06', 23000, 100, '1678096929.jpeg', 'Döme TEAM FEEDER Pearl Carp', 2, 'A MODECO egy attraktív modern orsó, amely az évek során szerzett megbízható technikai tapasztalatokon alapul.'),
(92, '0000000', '2023-03-06', 19000, 99, '1678096992.jpeg', 'Delphin MODECO Carp', 2, 'A MODECO egy attraktív modern orsó, amely az évek során szerzett megbízható technikai tapasztalatokon alapul.'),
(93, '0000000', '2023-03-06', 1500, 99, '1678101120.jpeg', 'Delphin SNAX POP csali Csoki-Banán', 3, 'A D SNAX POP úszó csalik átfogó sorozata, amely a halak számára ellenállhatatlan lesz a víz alatt.'),
(94, '0000000', '2023-03-06', 1500, 100, '1678101212.jpeg', 'Delphin SNAX POP csali Fokhagyma-Vajsav', 3, 'A D SNAX POP úszó csalik átfogó sorozata, amely a halak számára ellenállhatatlan lesz a víz alatt.'),
(95, '0000000', '2023-03-06', 1500, 100, '1678101328.jpeg', 'Delphin SNAX POP csali Kagyló-Fűszer', 3, 'D SNAX POP úszó csalik átfogó sorozata, amely a halak számára ellenállhatatlan lesz a víz alatt'),
(96, '0000000', '2023-04-01', 1500, 100, '1678101269.jpeg', 'Delphin SNAX POP csali Kukorica-Ananász', 3, 'D SNAX POP úszó csalik átfogó sorozata, amely a halak számára ellenállhatatlan lesz a víz alatt.'),
(97, '0000000', '2023-04-04', 1500, 100, '1678101299.jpeg', 'Delphin SNAX POP csali Mangó-Barack', 3, 'D SNAX POP úszó csalik átfogó sorozata, amely a halak számára ellenállhatatlan lesz a víz alatt'),
(98, '0000000', '2023-04-13', 13890, 100, '1681367347.jpeg', 'Merítőnyél Korum Adjusta Net Handle Merítőnyél', 4, '1,2-1,8 méteres prémium Korum prémium merítőnyél.'),
(99, '00000000', '2023-04-13', 2990, 100, '1681368719.jpeg', 'Haltartó Nevis haltartószák 1,30m 40cm 4 karikás', 4, 'Minőségi Nevis haltartó szák.'),
(100, '00000000', '2023-04-13', 6250, 100, '1681367706.jpeg', 'Merítőfej Carp Academy Black Net bojlis', 4, 'Az Nevis legújabb víztaszító, horogálló erős merítője'),
(101, '00000000', '2023-04-13', 6590, 100, '1681367780.jpeg', 'Merítőfej Carp Academy Black Net bojlis', 4, 'Az Nevis legújabb víztaszító, horogálló erős merítője'),
(102, '00000000', '2023-04-13', 4490, 100, '1681367838.jpeg', 'Merítőfej Nevis kerek 55x45cm', 4, 'A Nevis legújabb víztaszító, horogálló erős merítője.'),
(103, '00000000', '2023-04-13', 22900, 100, '1681368968.jpeg', 'Daiwa Boxed Luggage Set Bottáska 187Cm', 5, 'Praktikus táskaszett a japán Daiwatól.'),
(104, '00000000', '2023-04-13', 34990, 100, '1681369052.jpeg', 'Shimano Tribal Layer Light Jacket Kabát', 5, 'Hideg napokra elegáns termék a japán Shimanotól.'),
(105, '00000000', '2023-04-13', 39990, 100, '1681369130.jpeg', 'Trakker F-32 Combi Suit Téli 3 Részes Ruhaszett', 5, 'Akár a leghidegebb napokra!'),
(106, '00000000', '2023-04-13', 3490, 50, '1681369189.jpeg', 'Carp Zoom Poncsó Esőkabát', 5, 'Vízálló ESŐKABÁT nedvesebb, nyirkosabb, esős és szeles horgászatokra.'),
(107, '00000000', '2023-04-13', 19990, 50, '1681369289.jpeg', 'Puffa Chield Gilet Mellénykabát', 5, 'Meleg mellény a hidegebbb horgászatokra, utcai viseletre.'),
(108, '00000000', '2023-04-13', 25490, 100, '1681369614.jpeg', 'Sera San Nature 10L 2Kg Lemezes Színfokozó Díszhal', 6, 'Gazdaságos színfokozó díszhaltáp akvaristáknak, tenyésztőknek, boltosoknak.'),
(109, '00000000', '2023-04-13', 690, 100, '1681369802.jpeg', 'Panzi Nature Illatos Réti Széna 5 Liter', 7, 'Ropógós, friss illatú hegyi réti széna.'),
(110, '00000000', '2023-04-13', 4790, 130, '1681369926.jpeg', 'Ferplast Aladino Medium Kisállat Szállító', 8, 'Szállító box kisebb és közepes termetű állatok részére'),
(111, '00000000', '2023-04-13', 1790, 250, '1681370091.jpeg', 'Panzi Csutka Alom natur 2,5 kg 302713', 9, 'Természetes pormentes alom lakásban tartott rágcsálók, madarak alá.'),
(112, '00000000', '2023-04-13', 16790, 100, '1681370158.jpeg', 'Ferplast Hydor Blumodular Professional belső szűrő', 10, 'Megbízható, masszív és tartós belső szűrő a Ferplasttól.'),
(113, '00000000', '2023-04-13', 47790, 100, '1681370358.jpeg', 'Zurrichberg 18 részes rozsdamentes acél edénykészl', 11, 'Kiváló minőségű INOX edénykészlet. Selejtezd ki régi, elhasználódott edényeidet, mert ez a készlet hosszú évekig jó szolgálatot fog tenni.'),
(114, '00000000', '2023-04-13', 13990, 70, '1681370527.jpeg', 'Vacuum-Loc fúrásmentes sarokpolc', 12, 'A legjobb helykihasználtság végett kialakított fürdőszobai sarokpolcok praktikusak a zuhanyzóban, vagy kád fölött elhelyezve, de a fürdőszoba sarokpolcok'),
(115, '00000000', '2023-04-13', 3960, 100, '1681370687.jpeg', 'Polesie játék Dömper', 13, 'Polesie márkájú dömper. Nehéz rakományokat szeretnél szállítani? Akkor ez a dömper csak Rád vár! Dömpereddel homokot, kavicsokat vagy akár kedvenc játékaidat is szállíthatod. Billenős platója segít a'),
(116, '00000000', '2023-04-13', 11600, 140, '1681371098.jpeg', 'Fém virágállvány, fekete/rusztikus fa', 14, 'Az új ADITE termékünk segítségével egy praktikus növénysarokban rendezheti el a kedvenc növényeit. Egy virágállvány, amelyen minden egyes növény kiemelkedik.'),
(117, '00000000', '2023-04-13', 325, 130, '1681371219.jpeg', 'Esküvői hűtőmágnes, köszönőajándék', 15, 'Egyedi köszönőajándék, hűtőmágnes. Emlék a barátoknak, családnak és az ifjú párnak. Kérheted a vendég vagy a pár neveivel.'),
(118, '00000000', '2023-04-13', 2890, 200, '1681371483.jpeg', 'Feeder madáretető, Barna', 16, 'Lucfenyőből készült.Kiválóan alkalmas a szabadon élő madarak csalogatására,Strapabíró.Ablakpárkányra vagy a kertbe kell helyezni, min. 150 cm-es magasságba.Súlya: 0,75 kg'),
(119, '00000000', '2023-04-13', 3290, 100, '1681371688.jpeg', 'TRIXIE ALAGÚT FÁBÓL', 17, 'hüllők, nyulak és rágcsálók számára alkalmas,ideális hely a visszavonulásra.ideális hegymászáshoz\r\n100% természetes anyagokból készül'),
(120, '00000000', '2023-04-13', 400, 300, '1681371873.jpeg', 'FA KULCSTARTÓ, JIN JANG MACSKÁS', 18, 'Fából készült, natúr kulcstartó, cicás.Festhető, díszíthető.Átmérője: kb. 4 cm. Fa kulcstartó'),
(121, '00000000', '2023-04-13', 12990, 100, '1681372190.jpeg', 'Kesper bambusz kenyértartó', 19, 'Kesper bambusz kenyértartó 36x20 cm, felhajtható fedé, bükkfa. Kiválóan zár, tökéletes a pékárú tárolására.'),
(122, '00000000', '2023-04-13', 8290, 60, '1681372338.jpeg', 'Világos gazdasági kosár', 20, 'Vesszőből font, masszív gazdasági kosár tüzifa, lomb vagy levágott fű tárolására és szállítására. Két oldalán füllel a könnyeb mozgatásért.Főzött natúr vessző.');

--
-- Indexek a kiírt táblákhoz
--

--
-- A tábla indexei `alkategoriak`
--
ALTER TABLE `alkategoriak`
  ADD PRIMARY KEY (`alkategoria_id`),
  ADD KEY `kategoria_id` (`kategoria_id`),
  ADD KEY `kategoria_id_2` (`kategoria_id`);

--
-- A tábla indexei `kategoriak`
--
ALTER TABLE `kategoriak`
  ADD PRIMARY KEY (`kategoria_id`);

--
-- A tábla indexei `megrendeles`
--
ALTER TABLE `megrendeles`
  ADD PRIMARY KEY (`id`),
  ADD KEY `accounts_id` (`szemelyek_id`,`termek_id`),
  ADD KEY `termek_id` (`termek_id`),
  ADD KEY `rendeles_allapot_id` (`rendeles_allapot_id`);

--
-- A tábla indexei `rendeles_allapot`
--
ALTER TABLE `rendeles_allapot`
  ADD PRIMARY KEY (`allapot_id`);

--
-- A tábla indexei `szemelyek`
--
ALTER TABLE `szemelyek`
  ADD PRIMARY KEY (`id`),
  ADD KEY `fk_telepulesek` (`irsz`);

--
-- A tábla indexei `telepules`
--
ALTER TABLE `telepules`
  ADD PRIMARY KEY (`id`);

--
-- A tábla indexei `termek`
--
ALTER TABLE `termek`
  ADD PRIMARY KEY (`id`),
  ADD KEY `alkategoriaid` (`alkategoria_id`),
  ADD KEY `alkategoria_id` (`alkategoria_id`);

--
-- A kiírt táblák AUTO_INCREMENT értéke
--

--
-- AUTO_INCREMENT a táblához `alkategoriak`
--
ALTER TABLE `alkategoriak`
  MODIFY `alkategoria_id` int(11) NOT NULL AUTO_INCREMENT, AUTO_INCREMENT=21;

--
-- AUTO_INCREMENT a táblához `kategoriak`
--
ALTER TABLE `kategoriak`
  MODIFY `kategoria_id` int(11) NOT NULL AUTO_INCREMENT, AUTO_INCREMENT=5;

--
-- AUTO_INCREMENT a táblához `megrendeles`
--
ALTER TABLE `megrendeles`
  MODIFY `id` int(11) NOT NULL AUTO_INCREMENT, AUTO_INCREMENT=95;

--
-- AUTO_INCREMENT a táblához `rendeles_allapot`
--
ALTER TABLE `rendeles_allapot`
  MODIFY `allapot_id` int(2) NOT NULL AUTO_INCREMENT, AUTO_INCREMENT=7;

--
-- AUTO_INCREMENT a táblához `szemelyek`
--
ALTER TABLE `szemelyek`
  MODIFY `id` int(11) NOT NULL AUTO_INCREMENT, AUTO_INCREMENT=8;

--
-- AUTO_INCREMENT a táblához `telepules`
--
ALTER TABLE `telepules`
  MODIFY `id` int(11) NOT NULL AUTO_INCREMENT, AUTO_INCREMENT=4156;

--
-- AUTO_INCREMENT a táblához `termek`
--
ALTER TABLE `termek`
  MODIFY `id` int(11) NOT NULL AUTO_INCREMENT, AUTO_INCREMENT=124;

--
-- Megkötések a kiírt táblákhoz
--

--
-- Megkötések a táblához `alkategoriak`
--
ALTER TABLE `alkategoriak`
  ADD CONSTRAINT `alkategoriak_ibfk_1` FOREIGN KEY (`kategoria_id`) REFERENCES `kategoriak` (`kategoria_id`);

--
-- Megkötések a táblához `megrendeles`
--
ALTER TABLE `megrendeles`
  ADD CONSTRAINT `megrendeles_ibfk_1` FOREIGN KEY (`termek_id`) REFERENCES `termek` (`id`),
  ADD CONSTRAINT `megrendeles_ibfk_2` FOREIGN KEY (`szemelyek_id`) REFERENCES `szemelyek` (`id`),
  ADD CONSTRAINT `megrendeles_ibfk_3` FOREIGN KEY (`rendeles_allapot_id`) REFERENCES `rendeles_allapot` (`allapot_id`);

--
-- Megkötések a táblához `szemelyek`
--
ALTER TABLE `szemelyek`
  ADD CONSTRAINT `fk_telepulesek` FOREIGN KEY (`irsz`) REFERENCES `telepules` (`id`);

--
-- Megkötések a táblához `termek`
--
ALTER TABLE `termek`
  ADD CONSTRAINT `termek_ibfk_1` FOREIGN KEY (`alkategoria_id`) REFERENCES `alkategoriak` (`alkategoria_id`);
COMMIT;

/*!40101 SET CHARACTER_SET_CLIENT=@OLD_CHARACTER_SET_CLIENT */;
/*!40101 SET CHARACTER_SET_RESULTS=@OLD_CHARACTER_SET_RESULTS */;
/*!40101 SET COLLATION_CONNECTION=@OLD_COLLATION_CONNECTION */;
